Aachen,D,"Nordrhein Westfalen"
Aalborg,DK,Denmark
Aarau,CH,AG
Aarhus,DK,Denmark
Aarri,WAN,Nigeria
Aba,WAN,Nigeria
Abakan,R,"Rep. of Khakassiya"
Abancay,PE,Apurimac
Abeokuta,WAN,Nigeria
Aberdeen,GB,Grampian
Aberystwyth,GB,Ceredigion
Abidjan,CI,"Cote dIvoire"
Abilene,USA,Texas
"Abu Dhabi",UAE,"United Arab Emirates"
Abuja,WAN,Nigeria
Acapulco,MEX,Guerrero
Acarigua,YV,Portuguesa
Accra,GH,Ghana
Acheng,TJ,Heilongjiang
Achinsk,R,"Krasnoyarskiy kray"
"ad Damir",SUD,"ash Shamaliyah"
"Ad Diwaniyah",IRQ,"Al Qadisiyah"
Adana,TR,Adana
Adapazari,TR,Kocaeli
"Addis Ababa",ETH,Ethiopia
Adelaide,AUS,"South Australia"
Adiyaman,TR,Adiyaman
"Ado Ekiti",WAN,Nigeria
Afyon,TR,Afyon
Agadir,MA,Morocco
Agartala,IND,Tripura
Agra,IND,"Uttar Pradesh"
Agri,TR,Agri
Aguascalientes,MEX,Aguascalientes
Ahmadabad,IND,Gujarat
Ahuachapan,ES,"El Salvador"
Ahvaz,IR,Khuzestan
Aijal,IND,Mizoram
"Aix en Provence",F,"Provence Cote dAzur"
Ajaccio,F,Corse
Ajmer,IND,Rajasthan
Akita,J,Akita
Akron,USA,Ohio
Aksaray,TR,Aksaray
Aksu,TJ,"Xinjiang Uygur"
Akure,WAN,Nigeria
Akureyri,IS,Iceland
Akyab,MYA,Rakhine
"Al Amarah",IRQ,Maysan
"Al Ayn",UAE,"United Arab Emirates"
"Al Basrah",IRQ,"Al Basrah"
"al Fasher",SUD,Darfur
"Al Hillah",IRQ,Babil
"Al Kut",IRQ,Wasit
"Al Mawsil",IRQ,Ninawa
"al Qadarif",SUD,"ash Sharqiyah"
"al Ubayyid",SUD,Kurdufan
Alacant,E,Valencia
Alagoinhas,BR,Bahia
Alajuela,CR,Alajuela
"Alba Iulia",RO,Alba
Albacete,E,"Castile and Leon"
Albany,AUS,"Western Australia"
Albany,USA,"New York"
Albuquerque,USA,"New Mexico"
"Alcala de Henares",E,Madrid
Alcorcon,E,Madrid
Aleppo,SYR,Syria
Alexandra,RSA,"South Africa"
Alexandria,ET,"El Iskandariya (munic.)"
Alexandria,RO,Teleorman
Alexandria,USA,Virginia
Algeciras,E,Andalusia
Algiers,DZ,Algeria
Aligarh,IND,"Uttar Pradesh"
Allahabad,IND,"Uttar Pradesh"
Allentown,USA,Pennsylvania
Almada,P,Lisbon
Almaty,KAZ,"Almaty (munic.)"
Almeria,E,Andalusia
Almetyevsk,R,"Rep. of Tatarstan"
"Alor Setar",MAL,Kedah
Altdorf,CH,UR
Amadora,P,Lisbon
Amarillo,USA,Texas
Amasya,TR,Amasya
Ambon,RI,Indonesia
Americana,BR,"Sao Paulo"
Amiens,F,Picardie
Amman,JOR,Jordan
Amol,IR,Mazandaran
Amravati,IND,Maharashtra
Amritsar,IND,Punjab
Amsterdam,NL,"Noord Holland"
"An Najaf",IRQ,"An Najaf"
"An Nasiriyah",IRQ,"Dhi Qar"
Anadyr,R,"Chukotsky ao"
Anaheim,USA,California
Ananindeua,BR,Para
Anapolis,BR,Goias
Anchorage,USA,Alaska
Ancona,I,Marche
Anda,TJ,Heilongjiang
Andijon,UZB,Andijon
"Andorra la Vella",AND,Andorra
Angarsk,R,"Irkutskaya oblast"
Angers,F,"Pays de la Loire"
Angren,UZB,Toshkent
Anju,NOK,"North Korea"
Ankang,TJ,Shaanxi
Ankara,TR,Ankara
"Ann Arbor",USA,Michigan
Annaba,DZ,Algeria
Annapolis,USA,Maryland
Anqing,TJ,Anhui
Anshan,TJ,Liaoning
Anshun,TJ,Guizhou
Antakya,TR,Hatay
Antalya,TR,Antalya
Antananarivo,RM,Antananarivo
Antsirabe,RM,Antananarivo
Antsiranana,RM,Antsiranana
Antwerp,B,Antwerp
Anyang,TJ,Henan
"Anzhero Sudzhensk",R,"Kemerovskaya oblast"
Aomori,J,Aomori
Aosta,I,"Valle dAosta"
"Aparecida de Goiania",BR,"Sao Paulo"
Apia,WS,"Western Samoa"
Apopa,ES,"El Salvador"
Appenzell,CH,AI
Apucarana,BR,Parana
Aqmola,KAZ,Aqmola
Aqtau,KAZ,Mangghystau
Aqtobe,KAZ,Aqtobe
"Ar Ramadi",IRQ,"Al Anbar"
Aracaju,BR,Sergipe
Aracatuba,BR,"Sao Paulo"
Arad,RO,Arad
Araguaina,BR,Goias
Arak,IR,Markazi
Arapiraca,BR,Sergipe
Araraquara,BR,"Sao Paulo"
Arauca,CO,Arauca
Ardabil,IR,"Azarbayian e Sharqi"
Arendal,N,"Aust Agder"
Arequipa,PE,Arequipa
Arkhangelsk,R,"Arkhangelskaya oblast"
Arlington,USA,Texas
Arlington,USA,Virginia
Arlon,B,Luxembourg
Armavir,R,"Krasnodarsky kray"
Armenia,CO,Quindio
Arnhem,NL,Gelderland
Arqalyq,KAZ,Torghay
Artvin,TR,Artvin
Arusha,EAT,Arusha
Arzamas,R,"Nizhegorodskaya oblast"
"As Samawah",IRQ,"Al Muthanna"
"As Sulaymaniyah",IRQ,"As Sulaymaniyah"
Ashgabat,TM,Ahal
Asmara,ER,Eritrea
Assen,NL,Drenthe
Astrakhan,R,"Astrakhanskaya oblast"
Asuncion,PY,Paraguay
Aswan,ET,Aswan
Asyut,ET,Asyut
Athens,GR,Greece
Atlanta,USA,Georgia
Atyrau,KAZ,Atyrau
Auckland,NZ,"New Zealand"
Augsburg,D,Bayern
Augusta,USA,Maine
Aurangabad,IND,Maharashtra
Aurora,USA,Colorado
Aurora,USA,Illinois
Austin,USA,Texas
Avellaneda,RA,"Buenos Aires"
Ayacucho,PE,Ayacucho
Aydin,TR,Aydin
Aylesbury,GB,Buckinghamshire
Babol,IR,Mazandaran
Bacau,RO,Bacau
Badajoz,E,Estremadura
Badalona,E,Catalonia
Bafoussam,CAM,Ouest
Bage,BR,"Rio Grande do Sul"
Baghdad,IRQ,Baghdad
Bago,MYA,Bago
Bahawalpur,PK,Pakistan
"Bahia Blanca",RA,"Buenos Aires"
"Bahir Dar",ETH,Ethiopia
"Baia Mare",RO,Maramures
Baicheng,TJ,Jilin
Baiyin,TJ,Gansu
Bakersfield,USA,California
Bakhtaran,IR,Bakhtaran
Baku,AZ,Azerbaijan
Balakovo,R,"Saratovskaya oblast"
Balashikha,R,"Moskovskaya oblast"
Balikesir,TR,Balikesir
Balikpapan,RI,Indonesia
Baltimore,USA,Maryland
Bamako,RMM,Mali
Bamenda,CAM,Nordoueste
"Banda Aceh",RI,Indonesia
"Bandar Abbas",IR,Hormozgan
"Bandar e Bushehr",IR,Bushehr
"Bandar Lampung",RI,Indonesia
"Bandar Seri Begawan",BRU,Brunei
Bandundu,ZRE,Bandundu
Bandung,RI,Indonesia
Bangalore,IND,Karnataka
Bangkok,THA,Thailand
Bangui,RCA,"Central African Republic"
Banjarmasin,RI,Indonesia
Banjul,WAG,Gambia
"Bantam Village",AUS,"Cocos Islands"
Baoding,TJ,Hebei
Baoji,TJ,Shaanxi
Baotou,TJ,"Nei Monggol"
Baqubah,IRQ,Diyala
Baracaldo,E,Catalonia
Barbacena,BR,"Minas Gerais"
Barcelona,E,Catalonia
Barcelona,YV,Anzoategui
Bareilly,IND,"Uttar Pradesh"
Bari,I,Puglia
Barinas,YV,Barinas
Barisal,BD,Bangladesh
Barnaul,R,"Altayskiy kray"
Barnsley,GB,"South Yorkshire"
Barquisimeto,YV,Lara
"Barra Mansa",BR,"Rio de Janeiro"
Barrancabermeja,CO,"Santander del Sur"
Barranquilla,CO,Atlantico
Barreiras,BR,Bahia
Barreiro,P,Lisbon
Barretos,BR,"Sao Paulo"
Barry,GB,"Vale of Glamorgan"
Barueri,BR,"Sao Paulo"
Baruta,YV,Miranda
Basel,CH,BS
Basildon,GB,Essex
Basingstoke,GB,Hampshire
Basseterre,KN,"Saint Kitts and Nevis"
Batam,RI,Indonesia
Batman,TR,Batman
Batna,DZ,Algeria
"Baton Rouge",USA,Louisiana
Bauru,BR,"Sao Paulo"
Bayamo,C,Granma
Bayburt,TR,Bayburt
Beaumont,USA,Texas
Bechar,DZ,Algeria
Bedford,GB,Bedfordshire
"Beer Sheva",IL,South
Beian,TJ,Heilongjiang
Beihai,TJ,"Guangxi Zhuangzu"
Beijing,TJ,"Beijing (munic.)"
Beipiao,TJ,Liaoning
Beira,MOC,Sofala
Beirut,RL,Lebanon
Bejaia,DZ,Algeria
Bekescaba,H,Bekes
Belem,BR,Para
Belfast,GB,"Northern Ireland"
"Belfort Roxo",BR,"Rio de Janeiro"
Belgorod,R,"Belgorodskaya oblast"
Belgrade,YU,"Serbia and Montenegro"
Bellinzona,CH,TI
Bello,CO,Antioquia
Belmopan,BZ,Belize
"Belo Horizonte",BR,"Minas Gerais"
Bengasi,LAR,Libya
Bengbu,TJ,Anhui
Bengkulu,RI,Indonesia
Benguela,ANG,Benguela
Benha,ET,"El Qalubiya"
"Beni Mellal",MA,Morocco
"Beni Suef",ET,"Beni Suef"
"Benin City",WAN,Nigeria
Benoni,RSA,"South Africa"
Benxi,TJ,Liaoning
Berezniki,R,"Permskaya oblast"
Bergamo,I,Lombardia
Bergen,N,Hordaland
"Bergisch Gladbach",D,"Nordrhein Westfalen"
Berkeley,USA,California
Berlin,D,Berlin
Bern,CH,BE
Bertoua,CAM,Est
Besancon,F,"Franche Comte"
Beverley,GB,Humberside
Bhatpara,IND,"Madhya Pradesh"
Bhavnagar,IND,Gujarat
Bhilai,IND,"Madhya Pradesh"
Bhiwandi,IND,Maharashtra
Bhopal,IND,"Madhya Pradesh"
Bhubaneswar,IND,Orissa
"Biala Podlaska",PL,Bialskopodlaskie
Bialystok,PL,Bialostockie
Bida,WAN,Nigeria
Bie,ANG,Bie
Biel,CH,BE
Bielefeld,D,"Nordrhein Westfalen"
"Bielsko Biala",PL,Bielskie
Bikaner,IND,Rajasthan
Bilbao,E,"Basque Country"
Bilecik,TR,Bilecik
Bingol,TR,Bingol
Binjai,RI,Indonesia
Birjand,IR,Khorasan
Birmingham,GB,"West Midlands"
Birmingham,USA,Alabama
Birobidzhan,R,"Yevreyskaya avt. oblast"
Bishkek,KGZ,Kyrgyzstan
Bismarck,USA,"North Dakota"
Bissau,GNB,Guinea-Bissau
Bistrita,RO,"Bistrita Nasaud"
Bitlis,TR,Bitlis
Biysk,R,"Altayskiy kray"
Blackburn,GB,Lancashire
Blackpool,GB,Lancashire
Blagoveshchensk,R,"Amurskaya oblast"
Blida,DZ,Algeria
Blitar,RI,Indonesia
Bloemfontein,RSA,"South Africa"
Blumenau,BR,"Santa Catarina"
"Boa Vista",BR,Roraima
"Bocas del Toro",PA,"Bocas del Toro"
Bochum,D,"Nordrhein Westfalen"
Bodoe,N,Nordland
Bogor,RI,Indonesia
Bogota,CO,"Santa Fe de Bogota (DC)"
Bogra,BD,Bangladesh
Boise,USA,Idaho
Bojnurd,IR,Khorasan
"Bokara Steel City",IND,Bihar
Boksburg,RSA,"South Africa"
Bologna,I,"Emilia Romagna"
Bolton,GB,"Greater Manchester"
Bolu,TR,Bolu
Bolzano,I,"Trentino Alto Adige"
Boma,ZRE,"Bas Zaire"
Bombay,IND,Maharashtra
Bonn,D,"Nordrhein Westfalen"
Bordeaux,F,Aquitaine
Borujerd,IR,Lorestan
Boston,USA,Massachusetts
Botosani,RO,Botosani
Bottrop,D,"Nordrhein Westfalen"
Botucatu,BR,"Sao Paulo"
"Boulogne Billancourt",F,"Ile de France"
Bournemouth,GB,Dorset
Bracknell,GB,Berkshire
Bradford,GB,"West Yorkshire"
Braga,P,Braga
"Braganca Paulista",BR,"Sao Paulo"
Brahmanbaria,BD,Bangladesh
Braila,RO,Braila
Braintree,GB,Essex
Brampton,CDN,Ontario
Brasilia,BR,"Distrito Federal"
Brasov,RO,Brasov
Bratislava,SK,Slovakia
Bratsk,R,"Irkutskaya oblast"
Braunschweig,D,Niedersachsen
Brazzaville,RCB,Congo
Breda,NL,"Noord Brabant"
Bregenz,A,Vorarlberg
Bremen,D,Bremen
Bremerhaven,D,Bremen
Brescia,I,Lombardia
Brest,F,Bretagne
Bridgend,GB,Bridgend
Bridgeport,USA,Connecticut
Bridgetown,BDS,Barbados
Brighton,GB,"East Sussex"
Brisbane,AUS,Queensland
Bristol,GB,Avon
Brno,CZ,Jihomoravsky
Brownsville,USA,Texas
Bruegge,B,"West Flanders"
Bruges,B,"West Flanders"
Brugge,B,"West Flanders"
Brussels,B,Brabant
Bryansk,R,"Bryanskaya oblast"
Bucaramanga,CO,"Santander del Sur"
Bucharest,RO,Bucuresti
Budapest,H,"Budapest (munic.)"
Buea,CAM,Sudoueste
Buenaventura,CO,"Valle de Cauca"
"Buenos Aires",RA,"Distrito Federal"
Buffalo,USA,"New York"
Bujumbura,BI,Burundi
Bukavu,ZRE,Kivu
Bukhoro,UZB,Bukhoro
Bukoba,EAT,Kagera
"Bur Said",ET,"Bur Said (munic.)"
Burdur,TR,Burdur
Burgos,E,"Castile and Leon"
Burlington,CDN,Ontario
Burnaby,CDN,"British Columbia"
Bursa,TR,Bursa
Bury,GB,"Greater Manchester"
Bushehr,IR,Bushehr
Butembo,ZRE,Kivu
Buzau,RO,Buzau
Bydgoszcz,PL,Bydgoskie
Bytom,PL,Katowickie
Cabimas,YV,Zulia
Cabinda,ANG,Cabinda
"Cabo Frio",BR,"Rio de Janeiro"
"Cachoeiro de Itapemirim",BR,"Espirito Santo"
Cadiz,E,Andalusia
Caen,F,"Basse Normandie"
Caernarfon,GB,Gwynedd
"Cagayan de Oro",RP,Philippines
Cagliari,I,Sardegna
Cairo,ET,"El Qahira (munic.)"
Cajamarca,PE,Cajamarca
Calabar,WAN,Nigeria
Calarasi,RO,Calarasi
Calcutta,IND,"West Bengal"
Calgary,CDN,Alberta
Cali,CO,"Valle de Cauca"
Callao,PE,Callao
"Cam Pha",VN,Vietnam
Camacari,BR,Bahia
Camaguey,C,Camaguey
Camaragibe,BR,Pernambuco
Cambridge,GB,Cambridgeshire
Campeche,MEX,Campeche
"Campina Grande",BR,Paraiba
Campinas,BR,"Sao Paulo"
"Campo Grande",BR,"Mato Grosso do Sul"
Campobasso,I,Molise
"Can Tho",VN,Vietnam
Canakkale,TR,Canakkale
Canberra,AUS,"Australia Capital Territory"
Cancun,MEX,"Quintana Roo"
Cangzhou,TJ,Hubei
Cankiri,TR,Cankiri
Canoas,BR,"Rio Grande do Sul"
Canterbury,GB,Kent
"Cape Coast",GH,Ghana
"Cape Town",RSA,"South Africa"
Caracas,YV,"Distrito Federal"
Carapicuiba,BR,"Sao Paulo"
Cardiff,GB,Cardiff
Cariacica,BR,"Espirito Santo"
Carletonville,RSA,"South Africa"
Carlisle,GB,Cumbria
Carmarthen,GB,Carmarthenshire
"Carson City",USA,Nevada
Cartagena,CO,Bolivar
Cartagena,E,Murcia
Cartago,CO,"Valle de Cauca"
Cartago,CR,Cartago
Caruaru,BR,Pernambuco
Casablanca,MA,Morocco
Cascavel,BR,Parana
Castanhal,BR,Para
"Castellon de la Plana",E,Valencia
Castries,WL,"Saint Lucia"
Catanduva,BR,"Sao Paulo"
Catania,I,Sicilia
Catanzaro,I,Calabria
"Catia La Mar",YV,"Distrito Federal"
Caucaia,BR,Ceara
Caxias,BR,Maranhao
"Caxias do Sul",BR,"Rio Grande do Sul"
Caxito,ANG,Bengo
Cayenne,FGU,"French Guiana"
Cebu,RP,Philippines
"Cedar Rapids",USA,Iowa
Celaya,MEX,Guanajuato
"Cerro de Pasco",PE,Pasco
"Ceske Budejovice",CZ,Jihocesky
Chachapoyas,PE,"Province of Amazonas"
"Chake Cahke",EAT,"Kusini Pemba"
Chalatenango,ES,"El Salvador"
"Chalons sur Marne",F,"Champagne Ardenne"
Chandigarh,IND,Chandigarh
Chandler,USA,Arizona
Changchun,TJ,Jilin
Changde,TJ,Hunan
Changhua,RC,Taiwan
Changsha,TJ,Hunan
Changshu,TJ,Jiangsu
Changzhi,TJ,Shanxi
Changzhou,TJ,Jiangsu
Chaoxian,TJ,Anhui
Chaoyang,TJ,Liaoning
Chaozhou,TJ,Guangdong
Chapeco,BR,"Santa Catarina"
Charjew,TM,Leban
Charleroi,B,Hainaut
Charleston,USA,"West Virginia"
Charlotte,USA,"North Carolina"
Charlottetown,CDN,"Prince Edward Island"
Chattanooga,USA,Tennessee
Cheboksary,R,"Chuvash Republic"
Cheju,ROK,"South Korea"
Chelm,PL,Chelmskie
Chelmsford,GB,Essex
Cheltenham,GB,Gloucestershire
Chelyabinsk,R,"Chelyabinskaya oblast"
Chemnitz,D,Sachsen
Chengde,TJ,Hebei
Chengdu,TJ,Sichuan
Cherepovets,R,"Vologodskaya oblast"
Cherkasy,UA,Cherkaska
Cherkessk,R,"Karachayevo Cherkessk Rep."
Chernihiv,UA,Chernihivska
Chernivtsi,UA,Chernivetska
Chesapeake,USA,Virginia
Chester,GB,Cheshire
Chesterfield,GB,Derbyshire
Chetumal,MEX,"Quintana Roo"
Cheyenne,USA,Wyoming
Chiai,RC,Taiwan
"Chiang Mai",THA,Thailand
Chiba,J,Chiba
Chicago,USA,Illinois
Chichester,GB,"West Sussex"
Chiclayo,PE,Lambayeque
Chifeng,TJ,"Nei Monggol"
Chihuahua,MEX,Chihuahua
Chilpancingo,MEX,Guerrero
Chilung,RC,Taiwan
Chimbote,PE,Ancash
Chimoio,MOC,Manica
Chinandega,NIC,Nicaragua
"Chincha Alta",PE,Ica
Chingola,Z,Copperbelt
Chiniot,PK,Pakistan
Chinju,ROK,"South Korea"
Chipata,Z,Eastern
Chirchiq,UZB,Toshkent
Chisinau,MD,Moldova
Chita,R,"Chitinskaya oblast"
Chitre,PA,Herrera
Chittagong,BD,Bangladesh
Choluteca,HCA,Choluteca
Chongjin,NOK,"North Korea"
Chongju,ROK,"South Korea"
Chongqing,TJ,Sichuan
Chonju,ROK,"South Korea"
Chorzow,PL,Katowickie
"Chula Vista",USA,California
Chunchon,ROK,"South Korea"
Chungho,RC,Taiwan
Chungli,RC,Taiwan
Chur,CH,GR
Chuxian,TJ,Anhui
Ciechanow,PL,Ciechanowskie
"Ciego de Avila",C,"Ciego de Avila"
Cienaga,CO,"La Guajira"
Cienfuegos,C,Cienfuegos
Cincinnati,USA,Ohio
Cirebon,RI,Indonesia
"Ciudad Bolivar",YV,Bolivar
"Ciudad Guayana",YV,Bolivar
"Ciudad Madero",MEX,Tamaulipas
"Ciudad Obregon",MEX,Sonora
"Ciudad Santa Catarina",MEX,"Nuevo Leon"
"Ciudad Victoria",MEX,Tamaulipas
Cixi,TJ,Zhejiang
Clearwater,USA,Florida
"Clermont Ferrand",F,Auvergne
Cleveland,USA,Ohio
"Cluj Napoca",RO,Cluj
Coatzacoalcos,MEX,Veracruz
Cochabamba,BOL,Bolivia
Cochin,IND,Kerala
Codo,BR,Maranhao
Coimbatore,IND,"Tamil Nadu"
Coimbra,P,Coimbra
Cojutepeque,ES,"El Salvador"
Colatina,BR,"Espirito Santo"
Colchester,GB,Essex
Colima,MEX,Colima
Colombo,BR,Parana
Colombo,CL,"Sri Lanka"
Colon,PA,Colon
"Colorado Springs",USA,Colorado
Columbia,USA,"South Carolina"
Columbus,USA,Georgia
Columbus,USA,Ohio
"Colwyn Bay",GB,"Aberconwy and Colwyn"
Comayagua,HCA,Comayagua
Comilla,BD,Bangladesh
"Comodoro Rivadavia",RA,Chubut
Conakry,RG,Guinea
Concord,USA,California
Concord,USA,"New Hampshire"
Concordia,RA,"Entre Rios"
Constanta,RO,Constanta
Constantine,DZ,Algeria
Copenhagen,DK,Denmark
"Coral Springs",USA,Florida
Cordoba,E,Andalusia
Cordoba,MEX,Veracruz
Cordoba,RA,Cordoba
Coro,YV,Falcon
Corona,USA,California
"Corpus Christi",USA,Texas
Corrientes,RA,Corrientes
Corum,TR,Corum
Cosenza,I,Calabria
"Costa Mesa",USA,California
Cotia,BR,"Sao Paulo"
Cottbus,D,Brandenburg
Coventry,GB,"West Midlands"
Craiova,RO,Dolj
Crewe,GB,Cheshire
Criciuma,BR,"Santa Catarina"
Cuautla,MEX,Jalisco
Cucuta,CO,"Norte de Santander"
Cuernavaca,MEX,Morelos
Cuiaba,BR,"Mato Grosso"
Culiacan,MEX,Sinaloa
Cumana,YV,Sucre
Curitiba,BR,Parana
Cuttack,IND,Orissa
Cuzco,PE,Cuzco
Cwmbran,GB,Monmouthshire
Czestochowa,PL,Czestochowskie
"Da Nang",VN,Vietnam
Daan,TJ,Jilin
Dahuk,IRQ,Dahuk
Dakar,SN,Dakar
Dalian,TJ,Liaoning
Dallas,USA,Texas
Daman,IND,"Daman and Diu"
Damanhur,ET,"El Buhayra"
Damascus,SYR,Syria
Dandong,TJ,Liaoning
Danli,HCA,"El Paraiso"
Danyang,TJ,Jiangsu
Daqing,TJ,Heilongjiang
"Dar es Salaam",EAT,Daressalam
Darlington,GB,Durham
Darmstadt,D,Hessen
Darwin,AUS,"Northern Territory"
Datong,TJ,Shanxi
Davao,RP,Philippines
Daveyton,RSA,"South Africa"
David,PA,Chiriqui
Daxian,TJ,Sichuan
Dayton,USA,Ohio
"Deba Habe",WAN,Nigeria
Debrecen,H,"Debrecen (munic.)"
Debrezit,ETH,Ethiopia
Delemont,CH,JU
Delgado,ES,"El Salvador"
Denizli,TR,Denizli
Denver,USA,Colorado
"Dera Ghazi Khan",PK,Pakistan
Derby,GB,Derbyshire
"Des Moines",USA,Iowa
Dese,ETH,Ethiopia
Detroit,USA,Michigan
Deva,RO,Hunedoara
Deyang,TJ,Sichuan
Dezful,IR,Khuzestan
Dezhou,TJ,Shandong
Dhaka,BD,Bangladesh
Diadema,BR,"Sao Paulo"
Diepmeadow,RSA,"South Africa"
Dijon,F,Bourgogne
Dimitrovgrad,R,"Ulyanovskaya oblast"
Dinajpur,BD,Bangladesh
Diourbel,SN,Diourbel
"Dire Dawa",ETH,Ethiopia
Dispur,IND,Assam
Divinopolis,BR,"Minas Gerais"
Diwaniyah,IRQ,"Al Qadisiyah"
Diyarbakir,TR,Diyarbakir
Djibouti,DJI,Djibouti
Dniprodzerzhynsk,UA,Dnipropetrovska
Dnipropetrovsk,UA,Dnipropetrovska
Dodoma,EAT,Dodoma
Doha,Q,Qatar
Doncaster,GB,"South Yorkshire"
Donetsk,UA,Donetska
Dongguan,TJ,Guangdong
Dongtai,TJ,Jiangsu
Dongying,TJ,Shandong
Donostia,E,"Basque Country"
Dorchester,GB,Dorset
Dordrecht,NL,"Zuid Holland"
Dortmund,D,"Nordrhein Westfalen"
Dosquebradas,CO,Risaralda
Douala,CAM,Cote
Dourados,BR,"Mato Grosso do Sul"
Dover,GB,Kent
Dover,USA,Delaware
Drammen,N,Buskerud
Dresden,D,Sachsen
"Drobeta Turnu Severin",RO,Mehedinti
Dubai,UAE,"United Arab Emirates"
Dublin,IRL,Ireland
Dudley,GB,"West Midlands"
Duisburg,D,"Nordrhein Westfalen"
Dukou,TJ,Sichuan
Dumfries,GB,"Dumfries and Galloway"
Dumyat,ET,Dumyat
Dundee,GB,Tayside
Dunhua,TJ,Jilin
"Duque de Caxias",BR,"Rio de Janeiro"
Durango,MEX,Durango
Durban,RSA,"South Africa"
Durgapur,IND,"West Bengal"
Durham,GB,Durham
Durham,USA,"North Carolina"
Durres,AL,Albania
Dushanbe,TAD,"Dushanbe (munic.)"
Dusseldorf,D,"Nordrhein Westfalen"
Duyun,TJ,Guizhou
Dzerzhinsk,R,"Nizhegorodskaya oblast"
Dzhambul,KAZ,Zhambyl
"East London",RSA,"South Africa"
"East York",CDN,Ontario
Eastleigh,GB,Hampshire
"Ebbw Vale",GB,"Blaenau Gwent"
Ebolowa,CAM,Sud
Echeng,TJ,Hubei
Ede,WAN,Nigeria
Edinburgh,GB,Lothian
Edirne,TR,Edirne
Edmonton,CDN,Alberta
"Effon Alaiye",WAN,Nigeria
Eger,H,Heves
Eindhoven,NL,"Noord Brabant"
Eisenstadt,A,Burgenland
Ekibastuz,KAZ,Pavlodar
"El Alaiun",WSA,"Western Sahara"
"El Arish",ET,"Sina ash Shamaliyah"
"El Faiyum",ET,"El Faiyum"
"El Giza",ET,"El Giza"
"El Iskandariya",ET,"El Iskandariya (munic.)"
"El Kharga",ET,"El Wadi el Jadid"
"El Mahalla el Kubra",ET,"El Gharbiya"
"El Mansura",ET,"El Daqahliya"
"El Minya",ET,"El Minya"
"El Monte",USA,California
"El Paso",USA,Texas
"El Porvenir",PA,"Comarca de San Blas"
"El Progreso",HCA,Yoro
"El Qahira",ET,"El Qahira (munic.)"
"El Suweiz",ET,"El Suweiz (munic.)"
"El Tur",ET,"Sina al Janubiyah"
"El Uqsur",ET,Qena
Elazig,TR,Elazig
Elbasan,AL,Albania
Elblag,PL,Elblaskie
Eldoret,EAK,"Rift Valley"
Elektrostal,R,"Moskovskaya oblast"
Elista,R,"Rep. of Kalmykiya"
Elizabeth,USA,"New Jersey"
Elmbridge,GB,Surrey
Elx,E,Valencia
Embu,BR,"Sao Paulo"
Embu,EAK,Eastern
Engels,R,"Saratovskaya oblast"
Enschede,NL,Overijssel
Ensenada,MEX,"Baja California"
Enugu,WAN,Nigeria
Envigado,CO,Antioquia
"Epping Forest",GB,Essex
Erfurt,D,Thuringen
Erie,USA,Pennsylvania
Erlangen,D,Bayern
Erzincan,TR,Erzincan
Erzurum,TR,Erzurum
Esbjerg,DK,Denmark
Escondido,USA,California
Esfahan,IR,Esfahan
Eskisehir,TR,Eskisehir
Espoo,SF,Uusimaa
Essen,D,"Nordrhein Westfalen"
Etobicoke,CDN,Ontario
Eugene,USA,Oregon
Evansville,USA,Indiana
Evaton,RSA,"South Africa"
Exeter,GB,Devon
Falun,S,Kopparberg
Fareham,GB,Hampshire
Farghona,UZB,Farghona
Faridabad,IND,"Uttar Pradesh"
Fatick,SN,Fatick
"Feira de Santana",BR,Bahia
Fengcheng,TJ,Liaoning
Fengshan,RC,Taiwan
Fengyuan,RC,Taiwan
Ferrara,I,"Emilia Romagna"
"Ferraz de Vasconcelos",BR,"Sao Paulo"
Fes,MA,Morocco
Fianarantsoa,RM,Fianarantsoa
Firenze,I,Toscana
Flint,USA,Michigan
Florencia,CO,Caqueta
Florianopolis,BR,"Santa Catarina"
Floridablanca,CO,"Santander del Sur"
"Flying Fish Cove",AUS,Kirimati
Focsani,RO,Vrancea
Foggia,I,Puglia
Fontana,USA,California
Formosa,RA,Formosa
"Fort Collins",USA,Colorado
"Fort Lauderdale",USA,Florida
"Fort Wayne",USA,Indiana
"Fort Worth",USA,Texas
Fortaleza,BR,Ceara
Foshan,TJ,Guangdong
"Foz do Iguacu",BR,Parana
Franca,BR,"Sao Paulo"
"Francisco Morato",BR,"Sao Paulo"
Frankfort,USA,Kentucky
"Frankfurt am Main",D,Hessen
Frauenfeld,CH,TG
Fredericton,CDN,"New Brunswick"
Freetown,WAL,"Sierra Leone"
"Freiburg im Breisgau",D,"Baden W³rttemberg"
Fremont,USA,California
Fresno,USA,California
Fribourg,CH,FR
Fuenlabrada,E,Madrid
Fukui,J,Fukui
Fukuoka,J,Fukuoka
Fukushima,J,Fukushima
Fuling,TJ,Heilongjiang
Fullerton,USA,California
Funafuti,TUV,Tuvalu
Funchal,P,Madeira
Furth,D,Bayern
Fushun,TJ,Liaoning
Fuxin,TJ,Liaoning
Fuyang,TJ,Anhui
Fuyu,TJ,Jilin
Fuzhou,TJ,Fujian
Fuzhou,TJ,Jiangxi
Gaborone,RB,Botswana
Galati,RO,Galati
Gandhinagar,IND,Gujarat
Gangtok,IND,Sikkim
Ganzhou,TJ,Jiangxi
Garanhuns,BR,Pernambuco
"Garden Grove",USA,California
Garissa,EAK,"North Eastern"
Garland,USA,Texas
Garoua,CAM,Nord
Gary,USA,Indiana
Gateshead,GB,"Tyne and Wear"
Gauhati,IND,Assam
Gavle,S,Gavleborg
Gaziantep,TR,Gaziantep
Gazipur,BD,Bangladesh
Gdansk,PL,Gdanskie
Gdynia,PL,Gdanskie
Gebze,TR,Kocaeli
Geelong,AUS,"New South Wales"
Gejiu,TJ,Yunnan
Geleen,NL,Limburg
Gelsenkirchen,D,"Nordrhein Westfalen"
"General San Martin",RA,"Buenos Aires"
Geneva,CH,GE
Genua,I,Liguria
"George Town",MAL,"Pulau Pinang"
Georgetown,GUY,Guyana
Gera,D,Thuringen
Germiston,RSA,"South Africa"
Getafe,E,Madrid
Ghaziabad,IND,Delhi
Ghent,B,"East Flanders"
Gifu,J,Gifu
Gijon,E,Asturias
Giresun,TR,Giresun
Giurgiu,RO,Giurgiu
Glarus,CH,GL
Glasgow,GB,Strathclyde
Glazov,R,"Udmurt Republic"
Glendale,USA,Arizona
Glendale,USA,California
Glenrothes,GB,Fife
Gliwice,PL,Katowickie
Gloucester,GB,Gloucestershire
Glouchester,CDN,Ontario
Glouchester,GB,Gloucestershire
Goiania,BR,Goias
"Gold Coast",AUS,Queensland
Goma,ZRE,Kivu
"Gomez Palacio",MEX,Durango
"Gonbad e Kavus",IR,Mazandaran
Gonder,ETH,Ethiopia
Gongzhuling,TJ,Jilin
Gorakhpur,IND,"Uttar Pradesh"
Gorgan,IR,Mazandaran
"Gorno Altaysk",R,"Rep. of Altay"
Gorontalo,RI,Indonesia
"Gorzow Wielkopolski",PL,Gorzowskie
"Gorzow Wielkopolskie",PL,Gorzowskie
Goteborg,S,"Goteborg och Bohus"
Gottingen,D,Niedersachsen
"Governador Valadares",BR,"Minas Gerais"
Gracias,HCA,Lempira
Granada,E,Andalusia
"Grand Prairie",USA,Texas
"Grand Rapids",USA,Michigan
Gravatai,BR,Pernambuco
Graz,A,Styria
"Green Bay",USA,Wisconsin
Greensboro,USA,"North Carolina"
Grenoble,F,"Rhone Alpes"
Groningen,NL,Groningen
Grozny,R,"Chechen Rep."
Grudziadz,PL,Torunskie
Guacara,YV,Carabobo
Guadalajara,MEX,Jalisco
Guadalupe,MEX,"Nuevo Leon"
Guanajuato,MEX,Guanajuato
Guanare,YV,Portuguesa
Guangshui,TJ,Hubei
Guangyuan,TJ,Sichuan
Guangzhou,TJ,Guangdong
Guantanamo,C,Guantanamo
Guarapuava,BR,Parana
Guarenas,YV,Miranda
Guaruja,BR,"Sao Paulo"
Guarulhos,BR,"Sao Paulo"
"Guatemala City",GCA,Guatemala
Guayaquil,EC,Ecuador
Guildford,GB,Surrey
Guilin,TJ,"Guangxi Zhuangzu"
Guixian,TJ,"Guangxi Zhuangzu"
Guiyang,TJ,Guizhou
Gujranwala,PK,Pakistan
Gujrat,PK,Pakistan
Guliston,UZB,Sirdare
Gumushane,TR,Gumushane
Guntur,IND,"Andhra Pradesh"
Gusau,WAN,Nigeria
Gwalior,IND,"Madhya Pradesh"
Gyor,H,"Gyor (munic.)"
Haarlem,NL,"Noord Holland"
Haeju,NOK,"North Korea"
Haemeenlinna,SF,Haeme
Hafnarfjoerdur,IS,Iceland
Hagen,D,"Nordrhein Westfalen"
Haicheng,TJ,Liaoning
Haifa,IL,Haifa
Haikou,TJ,Hainan
Hailar,TJ,"Nei Monggol"
Haining,TJ,Zhejiang
Haiphong,VN,Vietnam
Hakha,MYA,Chin
Hakkari,TR,Hakkari
Halifax,CDN,"Nova Scotia"
Halle,D,"Sachsen Anhalt"
Halmstad,S,Halland
Hamadan,IR,Hamadan
Hamar,N,Hedmark
Hamburg,D,Hamburg
"Hamhung Hungnam",NOK,"North Korea"
Hami,TJ,"Xinjiang Uygur"
Hamilton,CDN,Ontario
Hamm,D,"Nordrhein Westfalen"
Hammerfest,N,Finnmark
Hampton,USA,Virginia
Handan,TJ,Hebei
Hangzhou,TJ,Zhejiang
Hannover,D,Niedersachsen
Hanoi,VN,Vietnam
Hanzhong,TJ,Shaanxi
Haora,IND,"West Bengal"
Harare,ZW,Zimbabwe
Harbin,TJ,Heilongjiang
Harer,ETH,Ethiopia
Harnosand,S,Vasternorrland
Harrisburg,USA,Pennsylvania
Harrogate,GB,"North Yorkshire"
Hartford,USA,Connecticut
Hasselt,B,Limburg
Havana,C,"Ciudad de la Habana"
Havant,GB,Hampshire
Haverfordwest,GB,Pembrokeshire
Hayward,USA,California
Hebi,TJ,Henan
Heerlen,NL,Limburg
Hefei,TJ,Anhui
Hegang,TJ,Heilongjiang
Heidelberg,D,"Baden W³rttemberg"
Heilbronn,D,"Baden W³rttemberg"
Helena,USA,Montana
Helsingborg,S,Malmohus
Helsinki,SF,Uusimaa
Helwan,ET,"El Qahira (munic.)"
Henderson,USA,Nevada
Hengshui,TJ,Hebei
Hengyang,TJ,Hunan
Heredia,CR,Heredia
Herisau,CH,AR
Hermannsverk,N,"Sogn og Fjordane"
Hermosillo,MEX,Sonora
Herne,D,"Nordrhein Westfalen"
"Heroica Nogales",MEX,Sonora
Hertford,GB,Hertfordshire
Heyuan,TJ,Guangdong
Heze,TJ,Shandong
Hialeah,USA,Florida
Hildesheim,D,Niedersachsen
Hilo,USA,Hawaii
Hilversum,NL,"Noord Holland"
Hiroshima,J,Hiroshima
Hobart,AUS,Tasmania
Hodmezovasarhely,H,Csongrad
Hohhot,TJ,"Nei Monggol"
Holguin,C,Holguin
Hollywood,USA,Florida
Homs,SYR,Syria
"Hong Gai",VN,Vietnam
Honghu,TJ,Hubei
Honiara,SLB,"Solomon Islands"
Honolulu,USA,Hawaii
Horlivka,UA,Donetska
Horsham,GB,"West Sussex"
"Hospitalet de Llobregat",E,Catalonia
Houston,USA,Texas
"Hpa an",MYA,Kayin
"Hradec Kralove",CZ,Vychodocesky
Hsinchu,RC,Taiwan
Hsinchuang,RC,Taiwan
Hsintien,RC,Taiwan
Hsinying,RC,Taiwan
Huadian,TJ,Jilin
Huaian,TJ,Jiangsu
Huaibei,TJ,Anhui
Huaihua,TJ,Hunan
Huainan,TJ,Anhui
Huaiyin,TJ,Jiangsu
Hualien,RC,Taiwan
Huambo,ANG,Huambo
Huancavelica,PE,Huancavelica
Huancayo,PE,Junin
Huangshi,TJ,Hubei
Huanuco,PE,Huanuco
Huaraz,PE,Ancash
Hubli,IND,Karnataka
Huddersfield,GB,"West Yorkshire"
Hue,VN,Vietnam
Huelva,E,Andalusia
Huichon,NOK,"North Korea"
Huizhou,TJ,Guangdong
Hull,GB,Humberside
Hunjiang,TJ,Jilin
Huntingdon,GB,Cambridgeshire
"Huntington Beach",USA,California
Huntsville,USA,Alabama
Hurghada,ET,"El Bahr el Ahmar"
Huzhou,TJ,Zhejiang
Hyderabad,IND,"Andhra Pradesh"
Hyderabad,PK,Pakistan
Iasi,RO,Iasi
Ibadan,WAN,Nigeria
Ibague,CO,Tolima
Ibhayi,RSA,"South Africa"
Ica,PE,Ica
Ife,WAN,Nigeria
"Ijebu Ode",WAN,Nigeria
Ikare,WAN,Nigeria
Ikerre,WAN,Nigeria
Ikire,WAN,Nigeria
Ikirun,WAN,Nigeria
Ikorodu,WAN,Nigeria
Ila,WAN,Nigeria
Ilam,IR,Ilam
Ilan,RC,Taiwan
"Ilawe Ekiti",WAN,Nigeria
Ilesha,WAN,Nigeria
Ilheus,BR,Bahia
Ilobu,WAN,Nigeria
Ilorin,WAN,Nigeria
Imperatriz,BR,Maranhao
Imphal,IND,Manipur
Inchon,ROK,"South Korea"
Indaiatuba,BR,"Sao Paulo"
Independence,USA,Missouri
Indianapolis,USA,Indiana
Indore,IND,"Madhya Pradesh"
Inglewood,USA,California
Ingolstadt,D,Bayern
Inhambane,MOC,Inhambane
Inisa,WAN,Nigeria
Innsbruck,A,Tyrol
Inverness,GB,Highland
Ipatinga,BR,"Minas Gerais"
Ipoh,MAL,Perak
Ipswich,GB,Suffolk
Iquitos,PE,Loreto
Iraklion,GR,Greece
Irapuato,MEX,Guanajuato
Irbil,IRQ,Irbil
Iringa,EAT,Iringa
Irkutsk,R,"Irkutskaya oblast"
Irvine,USA,California
Irving,USA,Texas
Iseyin,WAN,Nigeria
Iskenderun,TR,Hatay
Islamabad,PK,Pakistan
"Island Areas",GB,"Island Areas (munic.)"
Ismailiya,ET,Ismailiya
Isparta,TR,Isparta
Istanbul,TR,Istanbul
Itaborai,BR,"Rio de Janeiro"
Itabuna,BR,Bahia
Itagui,CO,Antioquia
Itaituba,BR,Para
Itajai,BR,"Santa Catarina"
Itanagar,IND,"Arunachal Pradesh"
"Itapecerica da Serra",BR,"Minas Gerais"
Itapetininga,BR,"Sao Paulo"
Itapevi,BR,"Sao Paulo"
Itaquaquecetuba,BR,"Sao Paulo"
Itu,BR,"Sao Paulo"
"Ivano Frankivsk",UA,"Ivano Frankivska"
Ivanovo,R,"Ivanovskaya oblast"
Iwo,WAN,Nigeria
Izhevsk,R,"Udmurt Republic"
Izmir,TR,Izmir
Izmit,TR,Kocaeli
Jabalpur,IND,"Madhya Pradesh"
"Jaboatao dos Guararapes",BR,Pernambuco
Jacarei,BR,"Sao Paulo"
Jackson,USA,Mississippi
Jacksonville,USA,Florida
Jaen,E,Andalusia
Jaipur,IND,Rajasthan
Jakarta,RI,Indonesia
Jalandhar,IND,Punjab
Jalapa,MEX,Veracruz
Jamalpur,BD,Bangladesh
Jambi,RI,Indonesia
Jammu,IND,"Jammu and Kashmir"
Jamnagar,IND,Gujarat
Jamshedpur,IND,Bihar
Jau,BR,"Sao Paulo"
Jeddah,SA,"Saudi Arabia"
"Jefferson City",USA,Missouri
"Jelenia Gora",PL,Jeleniogorskie
Jena,D,Thuringen
Jequie,BR,Bahia
"Jerez de la Frontera",E,Andalusia
"Jersey City",USA,"New Jersey"
Jerusalem,IL,Central
Jessore,BD,Bangladesh
Jhang,PK,Pakistan
Jhansi,IND,"Uttar Pradesh"
Jhelum,PK,Pakistan
Jiamusi,TJ,Heilongjiang
Jiangmen,TJ,Guangdong
Jiangyin,TJ,Jiangsu
Jiangyou,TJ,Sichuan
Jiaonan,TJ,Shandong
Jiaoxian,TJ,Shandong
Jiaozuo,TJ,Henan
Jiaxing,TJ,Zhejiang
Jilin,TJ,Jilin
Jima,ETH,Ethiopia
Jinan,TJ,Shandong
Jincheng,TJ,Shanxi
Jingdezhen,TJ,Jiangxi
Jinhua,TJ,Zhejiang
Jining,TJ,"Nei Monggol"
Jining,TJ,Shandong
Jinxi,TJ,Liaoning
Jinzhou,TJ,Liaoning
Jiujiang,TJ,Jiangxi
Jiutai,TJ,Jilin
Jixi,TJ,Heilongjiang
Jizzakh,UZB,Jizzakh
"Joao Pessoa",BR,Paraiba
Jodhpur,IND,Rajasthan
Joensuu,SF,Pohjols-Karjala
Johannesburg,RSA,"South Africa"
"Johor Baharu",MAL,Johor
Joinvile,BR,"Santa Catarina"
Jokkmokk,S,Norrbotten
Jonkoping,S,Jonkoping
Jos,WAN,Nigeria
Juarez,MEX,Chihuahua
Juazeiro,BR,Bahia
"Juazeiro do Norte",BR,Ceara
Juba,SUD,"al Istiwaiyah"
"Juiz de Fora",BR,"Minas Gerais"
Juliaca,PE,Puno
Jundiai,BR,"Sao Paulo"
Juneau,USA,Alaska
Jutigalpa,HCA,Olancho
Jyvaeskylae,SF,Suomi
Kabul,AFG,Afghanistan
Kabwe,Z,Central
Kaduna,WAN,Nigeria
Kaesong,NOK,"North Korea"
"Kafr el Dauwar",ET,"El Buhayra"
"Kafr el Sheikh",ET,"Kafr el Sheikh"
Kagoshima,J,Kagoshima
Kaifeng,TJ,Henan
Kaili,TJ,Guizhou
Kaiserslautern,D,"Rheinland Pfalz"
Kakamega,EAK,Western
Kalemi,ZRE,"Kasai Oriental"
Kaliningrad,R,"Kaliningradskaya oblast"
Kalisz,PL,Kaliskie
Kalmar,S,Kalmar
Kalookan,RP,Philippines
Kaluga,R,"Kaluzhskaya oblast"
Kalyan,IND,Maharashtra
"Kamensk Uralskiy",R,"Sverdlovskaya oblast"
Kampala,EAU,Uganda
Kamyshin,R,"Volgogradskaya oblast"
Kananga,ZRE,"Kasai Occidental"
Kanazawa,J,Ishikawa
Kangar,MAL,Perlis
Kanggye,NOK,"North Korea"
Kano,WAN,Nigeria
Kanpur,IND,"Uttar Pradesh"
"Kansas City",USA,Kansas
"Kansas City",USA,Missouri
Kansk,R,"Krasnoyarskiy kray"
Kaohsiung,RC,Taiwan
Kaolack,SN,Kaolack
Kaposvar,H,Somogy
Karabuk,TR,Zonguldak
Karachi,PK,Pakistan
Karaganda,KAZ,Qaraghandy
Karaj,IR,Tehran
Karaman,TR,Karaman
"Karaman Maras",TR,Karamanmaras
Karamay,TJ,"Xinjiang Uygur"
Karbala,IRQ,Karbala
Karlskrona,S,Blekinge
Karlsruhe,D,"Baden W³rttemberg"
Karlstad,S,Varmland
Kars,TR,Kars
Kasama,Z,Northern
Kashan,IR,Tehran
Kashi,TJ,"Xinjiang Uygur"
Kassala,SUD,"ash Sharqiyah"
Kassel,D,Hessen
Kastamonu,TR,Kastamonu
Kasur,PK,Pakistan
Kathmandu,NEP,Nepal
Katlehong,RSA,"South Africa"
Katowice,PL,Katowickie
Katsina,WAN,Nigeria
Kavalla,GR,Greece
Kavaratti,IND,"Lakshadweep Is."
Kawasaki,J,Kanagawa
Kayseri,TR,Kayseri
Kazan,R,"Rep. of Tatarstan"
Kecskemet,H,"Bacs Kiskun"
Kediri,RI,Indonesia
Keflavik,IS,Iceland
Kelang,MAL,Selangor
Kemerovo,R,"Kemerovskaya oblast"
"Kempton Park",RSA,"South Africa"
Kenitra,MA,Morocco
Kericho,EAK,"Rift Valley"
Kerman,IR,Kerman
Khabarovsk,R,"Khabarovskiy kray"
Kharkiv,UA,Kharkivska
Khartoum,SUD,"al Khartum"
"Khartoum North",SUD,"al Khartum"
Khayalitsha,RSA,"South Africa"
Kherson,UA,Khersonska
Khimki,R,"Moskovskaya oblast"
Khmelnytskyy,UA,Khmelnytska
Khomeynishahr,IR,Esfahan
"Khon Kaen",THA,Thailand
Khorramabad,IR,Lorestan
Khorramshahr,IR,Khuzestan
Khorugh,TAD,"Badakhshoni Kuni"
Khouribga,MA,Morocco
Khujand,TAD,Leninobod
Khulna,BD,Bangladesh
Khvoy,IR,"Azarbayian e Gharbt"
Kiel,D,"Schleswig Holstein"
Kielce,PL,Kieleckie
Kiev,UA,Kyyivska
Kigali,RWA,Rwanda
"Kigoma Ujiji",EAT,Kigoma
Kikwit,ZRE,Bandundu
Kimberley,RSA,"South Africa"
Kineshma,R,"Ivanovskaya oblast"
"King Williams Town",RSA,"South Africa"
"Kings Lynn",GB,Norfolk
Kingston,AUS,"Norfolk Island"
Kingston,GB,Surrey
Kingston,JA,Jamaica
"Kingston upon Hull",GB,Humberside
Kingstown,WV,"Saint Vincent and the Grenadines"
Kinshasa,ZRE,Kinshasa
Kirikkale,TR,Kirikkale
Kirklareli,TR,Kirklareli
Kirklees,GB,"West Yorkshire"
Kirkuk,IRQ,"Ad Tamim"
Kirov,R,"Kirovskaya oblast"
Kirovohrad,UA,Kirovohradska
Kirsehir,TR,Kirsehir
Kisangani,ZRE,"Haut Zaire"
Kiselyovsk,R,"Kemerovskaya oblast"
Kisii,EAK,Nyanza
Kislovodsk,R,"Stavropolsky kray"
Kisumu,EAK,Nyanza
"Kita kyushu",J,Fukuoka
Kitale,EAK,"Rift Valley"
Kitchener,CDN,Ontario
Kitwe,Z,Copperbelt
Klagenfurt,A,Carinthia
Knowsley,GB,Merseyside
Knoxville,USA,Tennessee
Koani,EAT,"Kusini Ujunga"
Kobe,J,Hyogo
Koblenz,D,"Rheinland Pfalz"
Kocaeli,TR,Kocaeli
Kochi,J,Kochi
Kofu,J,Yamanashi
Kohima,IND,Nagaland
Kokchetau,KAZ,Kokchetau
Kolda,SN,Kolda
Kolhapur,IND,Maharashtra
Koln,D,"Nordrhein Westfalen"
Kolomna,R,"Moskovskaya oblast"
Kolonia,FSM,Micronesia
Kolpino,R,"Leningradskaya oblast"
Kolwezi,ZRE,Shaba
"Komsomolsk na Amure",R,"Khabarovskiy kray"
Konin,PL,Koninskie
Konya,TR,Konya
Korce,AL,Albania
Korla,TJ,"Xinjiang Uygur"
Koror,PAL,Palau
Kostroma,R,"Kostromskaya oblast"
Koszalin,PL,Koszalinskie
Kota,IND,Rajasthan
"Kota Baharu",MAL,Kelantan
"Kota Kinabalu",MAL,Sabah
Kotka,SF,Kymi
Kovrov,R,"Vladimirskaya oblast"
Kozhikode,IND,Kerala
Krakow,PL,Krakowskie
Krasnodar,R,"Krasnodarsky kray"
Krasnoyarsk,R,"Krasnoyarskiy kray"
Krefeld,D,"Nordrhein Westfalen"
Kremenchuk,UA,Poltavska
Kristiansand,N,"Vest Agder"
Kristianstad,S,Kristianstad
Krosno,PL,Krosnienskie
"Kryvyy Rih",UA,Dnipropetrovska
"Kuala Lumpur",MAL,"Fed. Terr. of Kuala Lumpur"
"Kuala Terengganu",MAL,Terengganu
Kuantan,MAL,Pahang
Kuching,MAL,Sarawak
Kulob,TAD,Kulob
Kumamoto,J,Kumamoto
Kumasi,GH,Ghana
Kumo,WAN,Nigeria
Kunming,TJ,Yunnan
Kunsan,ROK,"South Korea"
Kunshan,TJ,Jiangsu
Kuopio,SF,Kuopio
Kurgan,R,"Kurganskaya oblast"
Kursk,R,"Kurskaya oblast"
Kusong,NOK,"North Korea"
Kutahya,TR,Kutahya
Kuwait,KWT,Kuwait
Kuznetsk,R,"Penzenskaya oblast"
Kwangju,ROK,"South Korea"
Kyoto,J,Kyoto
Kyzyl,R,"Rep. of Tyva"
"La Ascuncion",YV,"Nueva Esparta"
"La Ceiba",HCA,Atlantida
"La Coruna",E,Galicia
"La Esperanza",HCA,Intibuca
"La Laguna",E,"Canary Islands"
"La Matanza",RA,"Buenos Aires"
"La Palma",PA,Darien
"La Paz",BOL,Bolivia
"La Paz",HCA,"La Paz"
"La Paz",MEX,"Baja California Sur"
"La Plata",RA,"Buenos Aires"
"La Rioja",RA,"La Rioja"
"La Spezia",I,Liguria
"La Union",ES,"El Salvador"
Labuan,MAL,"Fed. Terr. of Labuan"
Lafayette,USA,Louisiana
Lafia,WAN,Nigeria
Lages,BR,"Santa Catarina"
Lagos,WAN,Nigeria
Lahore,PK,Pakistan
"Lahore Cantonment",PK,Pakistan
Lahti,SF,Haeme
Laiwu,TJ,Shandong
Laiyang,TJ,Shandong
Lakewood,USA,Colorado
Lancaster,GB,Lancashire
Lancaster,USA,California
Lansing,USA,Michigan
Lanus,RA,"Buenos Aires"
Lanzhou,TJ,Gansu
Laohekou,TJ,Hubei
Lappeenrenta,SF,Kymi
LAquila,I,Abruzzo
Laredo,USA,Texas
Larisa,GR,Greece
Larkana,PK,Pakistan
"Las Palmas de Gran Canaria",E,"Canary Islands"
"Las Tablas",PA,"Los Santos"
"Las Vegas",USA,Nevada
Latina,I,Lazio
Lausanne,CH,VD
Laval,CDN,Quebec
"Le Havre",F,"Haute Normandie"
"Le Mans",F,"Pays de la Loire"
Lecce,I,Puglia
Leeds,GB,"West Yorkshire"
Leeuwarden,NL,Friesland
Leganes,E,Madrid
Legnica,PL,Legnickie
Leicester,GB,Leicestershire
Leichester,GB,Leicestershire
Leiden,NL,"Zuid Holland"
Leipzig,D,Sachsen
Leiyang,TJ,Hunan
Lekoa,RSA,"South Africa"
Lelystad,NL,Flevoland
Lengshuijiang,TJ,Hunan
Leninsk,KAZ,"Leninsk (munic.)"
"Leninsk Kuznetskiy",R,"Kemerovskaya oblast"
Leon,E,"Castile and Leon"
Leon,MEX,Guanajuato
Leon,NIC,Nicaragua
Leshan,TJ,Sichuan
Leszno,PL,Leszczynskie
Leticia,CO,Amazonas
Leverkusen,D,"Nordrhein Westfalen"
Lewes,GB,"East Sussex"
"Lexington Fayette",USA,Kentucky
Lhasa,TJ,Tibet
Liancheng,TJ,Shandong
Lianyungang,TJ,Jiangsu
Liaocheng,TJ,Shandong
Liaoyang,TJ,Liaoning
Liaoyuan,TJ,Jilin
Liberec,CZ,Severocesky
Liberia,CR,Guanacaste
Libreville,G,Gabon
Lichinga,MOC,Niassa
Liege,B,Liege
Liestal,CH,BL
Likasi,ZRE,Shaba
Liling,TJ,Hunan
Lille,F,"Nord Pas de Calais"
Lillehammer,N,Oppland
Lilongwe,MW,Malawi
Lima,PE,Lima
Limeira,BR,"Sao Paulo"
Limoges,F,Limousin
Limon,CR,Limon
Lincoln,GB,Lincolnshire
Lincoln,USA,Nebraska
Lindi,EAT,Lindi
Linfen,TJ,Shanxi
Linhares,BR,"Espirito Santo"
Linhe,TJ,"Nei Monggol"
Linkoping,S,Ostergotland
Linqing,TJ,Shandong
Linyi,TJ,Shandong
Linz,A,"Upper Austria"
Lipetsk,R,"Lipetskaya oblast"
Lisbon,P,Lisbon
"Little Rock",USA,Arkansas
Liupanshui,TJ,Guizhou
Liuzhou,TJ,"Guangxi Zhuangzu"
Liverpool,GB,Merseyside
Livingstone,Z,Southern
Livonia,USA,Michigan
Livorno,I,Toscana
Liyang,TJ,Jiangsu
Ljubljana,SLO,Slovenia
"Llandrindod Wells",GB,Powys
Llangefni,GB,Anglesey
Lleida,E,Catalonia
Lodz,PL,Lodzkie
Logrono,E,Rioja
Loikaw,MYA,Kayah
"Lomas de Zamoras",RA,"Buenos Aires"
Lome,RT,Togo
Lomza,PL,Lomzynskie
London,CDN,Ontario
London,GB,"Greater London"
Londrina,BR,Parana
"Long Beach",USA,California
"Long Xuyen",VN,Vietnam
Longjing,TJ,Jilin
Longkou,TJ,Shandong
Longueuil,CDN,Quebec
Longyan,TJ,Fujian
"Los Angeles",USA,California
"Los Mochis",MEX,Sinaloa
"Los Teques",YV,Miranda
Loudi,TJ,Hunan
Louga,SN,Louga
Louisville,USA,Kentucky
Lowell,USA,Massachusetts
Luan,TJ,Anhui
Luanda,ANG,Luanda
Luanshya,Z,Copperbelt
Lubango,ANG,Huila
Lubbock,USA,Texas
Lubeck,D,"Schleswig Holstein"
Lublin,PL,Lubelskie
Lubumbashi,ZRE,Shaba
Lucapa,ANG,"Lunda Norte"
Lucknow,IND,"Uttar Pradesh"
Ludhiana,IND,Punjab
Ludwigshafen,D,"Rheinland Pfalz"
Luena,ANG,Moxico
Luhansk,UA,Luhanska
Lulea,S,Norrbotten
Luohe,TJ,Henan
Luoyang,TJ,Henan
Lusaka,Z,Lusaka
Luton,GB,Bedfordshire
Lutsk,UA,Volynska
Luxembourg,L,Luxembourg
Luzern,CH,LU
Luzhou,TJ,Sichuan
Luziania,BR,Goias
Lviv,UA,Lvivska
Lyallpur,PK,Pakistan
Lyon,F,"Rhone Alpes"
Lyubertsy,R,"Moskovskaya oblast"
Maanshan,TJ,Anhui
Maastricht,NL,Limburg
Macae,BR,"Rio de Janeiro"
Macapa,BR,Amapa
Macclesfield,GB,Cheshire
Maceio,BR,Alagoas
Machakos,EAK,Eastern
Macon,USA,Georgia
Madison,USA,Wisconsin
Madiun,RI,Indonesia
Madras,IND,"Tamil Nadu"
Madrid,E,Madrid
Madurai,IND,"Tamil Nadu"
Maebashi,J,Gumma
Magadan,R,"Magadanskaya oblast"
Magdeburg,D,"Sachsen Anhalt"
Mage,BR,"Rio de Janeiro"
Magelang,RI,Indonesia
Magnitogorsk,R,"Chelyabinskaya oblast"
Magway,MYA,Magway
Maidstone,GB,Kent
Maiduguri,WAN,Nigeria
Mainz,D,"Rheinland Pfalz"
Majunga,RM,Mahajanga
Majuro,MH,"Marshall Islands"
Makati,RP,Philippines
Makhachkala,R,"Rep. of Dagestan"
Makiyivka,UA,Donetska
Makung,RC,Taiwan
Makurdi,WAN,Nigeria
Malabo,GQ,"Equatorial Guinea"
Malaga,E,Andalusia
Malakal,SUD,"Aali an Nil"
Malambo,CO,Atlantico
Malang,RI,Indonesia
Malanje,ANG,Malanje
Malatya,TR,Malatya
Malayer,IR,Hamadan
Male,MV,Maldives
Malindi,EAK,Coast
Malmo,S,Malmohus
Mamelodi,RSA,"South Africa"
Manado,RI,Indonesia
Managua,NIC,Nicaragua
Manama,BRN,Bahrain
Manaus,BR,Amazonas
Manchester,GB,"Greater Manchester"
Manchester,USA,"New Hampshire"
Mandalay,MYA,Mandalay
Mangangue,CO,Bolivar
Mangaung,RSA,"South Africa"
Manila,RP,Philippines
Manisa,TR,Manisa
Manizales,CO,Caldas
Mannheim,D,"Baden W³rttemberg"
Mansa,Z,Luapula
Mansfield,GB,Nottinghamshire
Manzanillo,C,Granma
Manzhouli,TJ,"Nei Monggol"
Maoming,TJ,Guangdong
Maputo,MOC,"Maputo (munic.)"
"Mar del Plata",RA,"Buenos Aires"
Maraba,BR,Para
Maracaibo,YV,Zulia
Maracanau,BR,Ceara
Maracay,YV,Aragua
Maragheh,IR,"Azarbayian e Gharbt"
Mardan,PK,Pakistan
Mardin,TR,Mardin
Marghilon,UZB,Farghona
Mariehamn,SF,Aland
Mariestad,S,Skaraborg
Marilia,BR,"Sao Paulo"
Maringa,BR,Parana
Mariupol,UA,Donetska
Markham,CDN,Ontario
Maroua,CAM,"Nord extreme"
Marrakech,MA,Morocco
"Marsa Matruh",ET,Matruh
Marseille,F,"Provence Cote dAzur"
Mary,TM,Mary
Masan,ROK,"South Korea"
Masaya,NIC,Nicaragua
Maseru,LS,Lesotho
Mashhad,IR,Khorasan
"Masjed e Soleyman",IR,Khuzestan
Matadi,ZRE,"Bas Zaire"
Matamoros,MEX,Tamaulipas
Matanzas,C,Matanzas
Mataro,E,Catalonia
Matlock,GB,Derbyshire
Matsue,J,Shimane
Matsuyama,J,Ehime
Maturin,YV,Monagas
Maua,BR,"Sao Paulo"
Maykop,R,"Rep. of Adygeya"
Mazatlan,MEX,Sinaloa
Mbabane,SD,Swaziland
Mbandaka,ZRE,Equateur
"Mbanza Congo",ANG,Zaire
Mbeya,EAT,Mbeya
"Mbuji Mayi",ZRE,"Kasai Oriental"
McAllen,USA,Texas
Medan,RI,Indonesia
Medellin,CO,Antioquia
Meerut,IND,"Uttar Pradesh"
Meihekou,TJ,Jilin
Meixian,TJ,Guangdong
Mejicanos,ES,"El Salvador"
Mekele,ETH,Ethiopia
Meknes,MA,Morocco
Melaka,MAL,Melaka
Melbourne,AUS,Victoria
Memphis,USA,Tennessee
Mendoza,RA,Mendoza
Menongue,ANG,"Cuando Cubango"
Merida,E,Estremadura
Merida,MEX,Yucatan
Merida,YV,Merida
Mersin,TR,Icel
"Merthyr Tydfil",GB,"Merthyr Tydfil"
Meru,EAK,Eastern
Mesa,USA,Arizona
Mesquite,USA,Texas
Messina,I,Calabria
Metz,F,Lorraine
Mexicali,MEX,"Baja California"
"Mexico City",MEX,"Distrito Federal"
Mezhdurechensk,R,"Kemerovskaya oblast"
Miami,USA,Florida
Mianyang,TJ,Sichuan
Miaoli,RC,Taiwan
Miass,R,"Chelyabinskaya oblast"
Michurinsk,R,"Tambovskaya oblast"
Middelburg,NL,Zeeland
Middlesbrough,GB,Cleveland
"Miercurea Ciuc",RO,Harghita
Mikkeli,SF,Mikkeli
Milan,I,Lombardia
"Milton Keynes",GB,Buckinghamshire
Milwaukee,USA,Wisconsin
Minatitlan,MEX,Veracruz
Minna,WAN,Nigeria
Minneapolis,USA,Minnesota
Minsk,BY,Belarus
"Mirpur Khas",PK,Pakistan
Mishan,TJ,Heilongjiang
Miskolc,H,"Miskolc (munic.)"
Mississauga,CDN,Ontario
Mito,J,Ibaraki
Mitu,CO,Vaupes
Mixco,GCA,Guatemala
Miyazaki,J,Miyazaki
Mkokotoni,EAT,"Kaskazini Ujunga"
Mmabatho,RSA,"South Africa"
Mobile,USA,Alabama
Mocoa,CO,Putumayo
Modena,I,"Emilia Romagna"
Modesto,USA,California
Moers,D,"Nordrhein Westfalen"
Mogadishu,SP,Somalia
"Moji das Cruzes",BR,"Sao Paulo"
"Moji Guacu",BR,"Sao Paulo"
Mokpo,ROK,"South Korea"
Mold,GB,Flintshire
Molde,N,"Moere og Romsdal"
Mombasa,EAK,Coast
Monaco,MC,Monaco
Monchengladbach,D,"Nordrhein Westfalen"
Monclova,MEX,Coahuila
Mongu,Z,Western
Monrovia,LB,Liberia
Mons,B,Hainaut
Monteria,CO,Cordoba
Monterrey,MEX,"Nuevo Leon"
"Montes Claros",BR,"Minas Gerais"
Montevideo,ROU,Uruguay
Montgomery,USA,Alabama
Montpelier,USA,Vermont
Montpellier,F,"Languedoc Rousillon"
Montreal,CDN,Quebec
Monywa,MYA,Sagaing
Monza,I,Lombardia
Moquegua,PE,Moquegua
Moradabad,IND,"Uttar Pradesh"
Morelia,MEX,Michoacan
"Moreno Valley",USA,California
Morioka,J,Iwate
Morogoro,EAT,Morogoro
Moron,RA,"Buenos Aires"
Moroni,COM,Comoros
Moscow,R,Moskva
Moshi,EAT,Kilimanjaro
Moss,N,Oestfold
Mossoro,BR,"Rio Grande do Norte"
Mostaganem,DZ,Algeria
Mostoles,E,Madrid
Mosul,IRQ,Ninawa
Moulmein,MYA,Mon
Moyobamba,PE,"San Martin"
"Mtwara Mikandani",EAT,Mtwara
Mudanjiang,TJ,Heilongjiang
Muenchen,D,Bayern
Mufulira,Z,Copperbelt
Mugla,TR,Mugla
"Mulheim an der Ruhr",D,"Nordrhein Westfalen"
Mulhouse,F,Alsace
Multan,PK,Pakistan
Mumbai,IND,Maharashtra
Munich,D,Bayern
Munster,D,"Nordrhein Westfalen"
Murcia,E,Murcia
Murmansk,R,"Murmanskaya oblast"
Murom,R,"Vladimirskaya oblast"
Mus,TR,Mus
Muscat,OM,Oman
Mushin,WAN,Nigeria
Musoma,EAT,Mara
Mwanza,EAT,Mwanza
"Mwene Ditu",ZRE,"Kasai Oriental"
Myitkyina,MYA,Kachin
Mykolayiv,UA,Mykolayivska
Mymensingh,BD,Bangladesh
Mysore,IND,Karnataka
Mytishchi,R,"Moskovskaya oblast"
"Naberezhnye Chelny",R,"Rep. of Tatarstan"
Nacala,MOC,Maputo
Nacaome,HCA,Valle
Nagano,J,Nagano
Nagasaki,J,Nagasaki
Nagoya,J,Aichi
Nagpur,IND,Maharashtra
Naha,J,Okinawa
Nairobi,EAK,Nairobi
Najafabad,IR,Esfahan
Nakhodka,R,"Primorsky kray"
"Nakhon Ratchasima",THA,Thailand
"Nakhon Sawan",THA,Thailand
"Nakhon si Thammarat",THA,Thailand
Nakuru,EAK,"Rift Valley"
Nalchik,R,"Kabardino Balkar Rep."
"Nam Dinh",VN,Vietnam
Namangan,UZB,Namangan
Namibe,ANG,Namibe
Nampo,NOK,"North Korea"
Nampula,MOC,Nampula
Namur,B,Namur
Nanchang,TJ,Jiangxi
Nanchong,TJ,Sichuan
Nancy,F,Lorraine
Nanjing,TJ,Jiangsu
Nanning,TJ,"Guangxi Zhuangzu"
Nanping,TJ,Fujian
Nantes,F,"Pays de la Loire"
Nantong,TJ,Jiangsu
Nantou,RC,Taiwan
Nanyang,TJ,Henan
Naogaon,BD,Bangladesh
Naperville,USA,Illinois
Napoli,I,Campania
Nara,J,Nara
Narayanganj,BD,Bangladesh
Narsinghdi,BD,Bangladesh
Narvik,N,Nordland
Nashville,USA,Tennessee
"Nashville Davidson",USA,Tennessee
Nasik,IND,Maharashtra
Nassau,BS,Bahamas
Natal,BR,"Rio Grande do Norte"
Nawabganj,BD,Bangladesh
Nawabshah,PK,Pakistan
Nawoiy,UZB,Nawoiy
Nazareth,IL,North
Nazran,R,"Rep. of Ingushetiya"
Nazret,ETH,Ethiopia
Ndalatando,ANG,"Cuanza Norte"
NDjamena,TCH,Chad
Ndola,Z,Copperbelt
Nebitdag,TM,Balkan
Neftekamsk,R,"Stavropolsky kray"
Neijiang,TJ,Sichuan
Neiva,CO,Huila
Nelspruit,RSA,"South Africa"
Nepean,CDN,Ontario
Neuchatel,CH,NE
Neuquen,RA,Neuquen
Neuss,D,"Nordrhein Westfalen"
Nevinnomyssk,R,"Stavropolsky kray"
Nevsehir,TR,Nevsehir
"New Bombay",IND,Maharashtra
"New Delhi",IND,Delhi
"New Haven",USA,Connecticut
"New Orleans",USA,Louisiana
"New York",USA,"New York"
Newark,USA,"New Jersey"
"Newark on Trent",GB,Nottinghamshire
Newbury,GB,Berkshire
Newcastle,AUS,"New South Wales"
Newcastle,GB,"Tyne and Wear"
"Newcastle under Lyme",GB,Staffordshire
"Newcastle upon Tyne",GB,"Tyne and Wear"
Newport,GB,Newport
"Newport News",USA,Virginia
"Newtown St. Boswells",GB,Borders
Neyshabur,IR,Khorasan
Nezahualcoyotl,MEX,Chiapas
Ngaoundere,CAM,Adamaoua
Ngiva,ANG,Cunene
"Nha Trang",VN,Vietnam
Niamey,RN,Niger
Nice,F,"Provence Cote dAzur"
Nicosia,CY,Cyprus
Nigde,TR,Nigde
Niigata,J,Niigata
Nijmegen,NL,Gelderland
Nilopolis,BR,"Rio de Janeiro"
Nimes,F,"Languedoc Rousillon"
Ningbo,TJ,Zhejiang
Niteroi,BR,"Rio de Janeiro"
Nizhnekamsk,R,"Rep. of Tatarstan"
Nizhnevartovsk,R,"Tyumenskaya oblast"
"Nizhniy Novgorod",R,"Nizhegorodskaya oblast"
"Nizhniy Tagil",R,"Sverdlovskaya oblast"
Noginsk,R,"Moskovskaya oblast"
Nonthaburi,THA,Thailand
Norfolk,USA,Virginia
Norilsk,R,"Krasnoyarskiy kray"
Norrkoping,S,Ostergotland
"North York",CDN,Ontario
Northallerton,GB,"North Yorkshire"
Northampton,GB,Northamptonshire
Norwalk,USA,California
Norwich,GB,Norfolk
Nottingham,GB,Nottinghamshire
Nouakchott,RIM,Mauritania
Noumea,NCA,"New Caledonia"
"Nova Friburgo",BR,"Rio de Janeiro"
Novara,I,Piemonte
Novgorod,R,"Novgorodskaya oblast"
"Novo Hamburgo",BR,"Rio Grande do Sul"
"Novo Iguacu",BR,"Rio de Janeiro"
Novocheboksarsk,R,"Chuvash Republic"
Novocherkassk,R,"Rostovskaya oblast"
Novokuybyshevsk,R,"Samarskaya oblast"
Novokuznetsk,R,"Kemerovskaya oblast"
Novomoskovsk,R,"Tulskaya oblast"
Novorossiysk,R,"Krasnodarsky kray"
Novoshakhtinsk,R,"Rostovskaya oblast"
Novosibirsk,R,"Novosibirskaya oblast"
Novotroitsk,R,"Orenburgskaya oblast"
"Nowy Sacz",PL,Nowosadeckie
"Nueva Gerona",C,"Isla de la Juventud"
"Nueva San Salvador",ES,"El Salvador"
"Nuevo Laredo",MEX,Tamaulipas
Nukualofa,TO,Tonga
Nukus,UZB,Qoraqalpoghiston
Nuneaton,GB,Warwickshire
Nurnberg,D,Bayern
Nyala,SUD,Darfur
Nyeri,EAK,Central
Nyiregyhaza,H,"Szabolcs Szatmar"
Nykoping,S,Sodermanland
Oakland,USA,California
Oaxaca,MEX,Oaxaca
Oberhausen,D,"Nordrhein Westfalen"
Obninsk,R,"Kaluzhskaya oblast"
Oceanside,USA,California
Ocotepeque,HCA,Ocotepeque
Odense,DK,Denmark
Odesa,UA,Odeska
Odintsovo,R,"Moskovskaya oblast"
Offa,WAN,Nigeria
"Offenbach am Main",D,Hessen
Ogbomosho,WAN,Nigeria
Oita,J,Oita
Oka,WAN,Nigeria
Okara,PK,Pakistan
Okayama,J,Okayama
"Oklahoma City",USA,Oklahoma
Oktyabrsky,R,"Rep. of Bashkortostan"
Olanchito,HCA,Yoro
Oldenburg,D,Niedersachsen
Oldham,GB,"Greater Manchester"
Olinda,BR,"Rio de Janeiro"
Olmaliq,UZB,Toshkent
Olomouc,CZ,Severomoravsky
Olsztyn,PL,Olsztynskie
Olympia,USA,Washington
Omaha,USA,Nebraska
Omdurman,SUD,"al Khartum"
Omsk,R,"Omskaya oblast"
Ondo,WAN,Nigeria
Onitsha,WAN,Nigeria
Ontario,USA,California
Opole,PL,Opolskie
Oradea,RO,Bihor
Oral,KAZ,"Batys Qazaqstan"
Oran,DZ,Algeria
Orange,USA,California
Ordu,TR,Ordu
Orebro,S,Orebro
"Orekhovo Zuyevo",R,"Moskovskaya oblast"
Orel,R,"Orlovskaya oblast"
Orenburg,R,"Orenburgskaya oblast"
Orense,E,Galicia
Orizaba,MEX,Veracruz
Orlando,USA,Florida
Orleans,F,Centre
Orsk,R,"Orenburgskaya oblast"
Orumiyeh,IR,"Azarbayian e Gharbt"
Osaka,J,Osaka
Osasco,BR,"Sao Paulo"
Oshawa,CDN,Ontario
Oshogbo,WAN,Nigeria
Oskemen,KAZ,"Shyghys Qazaqstan"
Oslo,N,Oslo
Osmaniye,TR,Adana
Osnabruck,D,Niedersachsen
Ostersund,S,Jamtland
Ostrava,CZ,Severomoravsky
Ostroleka,PL,Ostroleckie
Otsu,J,Shiga
Ottawa,CDN,Ontario
Ouagadougou,BF,"Burkina Faso"
Oujda,MA,Morocco
Oulu,SF,Oulu
"Overland Park",USA,Kansas
Oviedo,E,Asturias
Owo,WAN,Nigeria
Oxford,GB,Oxfordshire
Oxnard,USA,California
Oyo,WAN,Nigeria
Pabna,BD,Bangladesh
Pachuca,MEX,Hidalgo
"Pachuca de Soto",MEX,Hidalgo
Padang,RI,Indonesia
Paderborn,D,"Nordrhein Westfalen"
Padova,I,Veneto
Palangkaraya,RI,Indonesia
Palembang,RI,Indonesia
Palermo,I,Sicilia
"Palma de Mallorca",E,"Balearic Islands"
Palmas,BR,Tocantins
Palmdale,USA,California
Palmira,CO,"Valle de Cauca"
Pamplona,E,Navarre
Panaji,IND,Goa
"Panama City",PA,Panama
Panchiao,RC,Taiwan
"Pangkal Pinang",RI,Indonesia
Panshan,TJ,Liaoning
Paramaribo,SME,Suriname
Parana,RA,"Entre Rios"
Paranagua,BR,Parana
Pardubice,CZ,Vychodocesky
"Pare Pare",RI,Indonesia
Paris,F,"Ile de France"
Parma,I,"Emilia Romagna"
Parnaiba,BR,"Mato Grosso do Sul"
Pasadena,USA,California
Pasadena,USA,Texas
Pasay,RP,Philippines
Pasig,RP,Philippines
"Passo Fundo",BR,"Rio Grande do Sul"
Pasto,CO,Narino
Pasuruan,RI,Indonesia
Paterson,USA,"New Jersey"
Pathein,MYA,Ayeyarwady
Patna,IND,Bihar
"Patos de Minas",BR,"Minas Gerais"
Patrai,GR,Greece
Paulista,BR,Pernambuco
Pavlodar,KAZ,Pavlodar
Pecs,H,"Pecs (munic.)"
Pekalongan,RI,Indonesia
"Pekan Baru",RI,Indonesia
Pelotas,BR,"Rio Grande do Sul"
"Pematang Siantar",RI,Indonesia
Pemba,MOC,"Cabo Delgado"
"Pembroke Pines",USA,Florida
Penonome,PA,Cocle
Penza,R,"Penzenskaya oblast"
Peoria,USA,Illinois
Pereira,CO,Risaralda
Perm,R,"Permskaya oblast"
Perpignan,F,"Languedoc Rousillon"
Perth,AUS,"Western Australia"
Perugia,I,Umbria
Pervouralsk,R,"Sverdlovskaya oblast"
Pescara,I,Abruzzo
Peshawar,PK,Pakistan
"Petaling Jaya",MAL,"Fed. Terr. of Kuala Lumpur"
Petare,YV,Miranda
Peterborough,GB,Cambridgeshire
Petrolina,BR,Pernambuco
Petropavl,KAZ,"Soltustik Qazaqstan"
"Petropavlovsk Kamchatsky",R,"Kamchatskaya oblast"
Petropolis,BR,"Rio de Janeiro"
Petrozavodsk,R,"Rep. of Karelia"
Pforzheim,D,"Baden W³rttemberg"
Philadelphia,USA,Pennsylvania
"Phnom Penh",K,Cambodia
Phoenix,USA,Arizona
Piacenza,I,"Emilia Romagna"
"Piatra Neamt",RO,Neamt
Pierre,USA,"South Dakota"
Pietermaritzburg,RSA,"South Africa"
Pietersburg,RSA,"South Africa"
Pila,PL,Pilskie
"Pinar del Rio",C,"Pinar del Rio"
Pindamonhangaba,BR,"Sao Paulo"
Pingdingshan,TJ,Henan
Pingdu,TJ,Shandong
Pingtung,RC,Taiwan
Pingxiang,TJ,Jiangxi
"Piottrkow Trybunalski",PL,Piotrkowskie
Piracicaba,BR,"Sao Paulo"
Piraeus,GR,Greece
Pisa,I,Toscana
Pitesti,RO,Arges
Pittsburgh,USA,Pennsylvania
Piura,PE,Piura
Plano,USA,Texas
Plock,PL,Plockie
Ploiesti,RO,Prahova
Plymouth,GB,Devon
Plzen,CZ,Zapadocesky
"Pocos de Caldas",BR,"Minas Gerais"
Podolsk,R,"Moskovskaya oblast"
Poitiers,F,"Poitou Charentes"
Poltava,UA,Poltavska
Pomona,USA,California
Pondicherry,IND,Pondicherry
"Ponta Grossa",BR,Parana
Pontianak,RI,Indonesia
Pontypool,GB,Torfaen
Poole,GB,Dorset
Popayan,CO,Cauca
Pori,SF,Turku-Pori
"Port Blair",IND,"Andaman and Nicobar Is."
"Port Elizabeth",RSA,"South Africa"
"Port Harcourt",WAN,Nigeria
"Port Louis",MS,Mauritius
"Port Moresby",PNG,"Papua New Guinea"
"Port Said",ET,"Bur Said (munic.)"
"Port Sudan",SUD,"ash Sharqiyah"
"Port Talbot",GB,"Neath and Port Talbot"
Port-au-Prince,RH,Haiti
Port-of-Spain,TT,"Trinidad and Tobago"
Port-Vila,VU,Vanuatu
Portland,USA,Oregon
Porto,P,Porto
"Porto Alegre",BR,"Rio Grande do Sul"
"Porto Velho",BR,Rondonia
Porto-Novo,BEN,Benin
Portsmouth,GB,Hampshire
Portsmouth,USA,Virginia
Posadas,RA,Misiones
Potenza,I,Basilicata
Potsdam,D,Brandenburg
"Poza Rica",MEX,Veracruz
Poznan,PL,Poznanskie
Prague,CZ,Praha
Praia,CV,"Cape Verde"
"Praia Grande",BR,"Santa Catarina"
Prato,I,Toscana
"Presidente Prudente",BR,"Sao Paulo"
Preston,GB,Lancashire
Pretoria,RSA,"South Africa"
Probolinggo,RI,Indonesia
Prokopyevsk,R,"Kemerovskaya oblast"
Providence,USA,"Rhode Island"
Przemysl,PL,Przemyskie
Pskov,R,"Pskovskaya oblast"
Pucallpa,PE,Ucayali
Puebla,MEX,Puebla
"Puerto Ayacucho",YV,Amazonas
"Puerto Cabello",YV,Carabobo
"Puerto Carreno",CO,Vichada
"Puerto Cortes",HCA,Cortes
"Puerto Inirida",CO,Guainia
"Puerto La Cruz",YV,Anzoategui
"Puerto Lempira",HCA,"Gracias a Dios"
"Puerto Maldonado",PE,"Madre de Dios"
Pune,IND,Maharashtra
Puno,PE,Puno
Puntarenas,CR,Punarenas
Puqi,TJ,Hubei
Pusan,ROK,"South Korea"
Puyang,TJ,Henan
Pyatigorsk,R,"Stavropolsky kray"
Pyongyang,NOK,"North Korea"
Qaemshahr,IR,Mazandaran
Qarshi,UZB,Qasqadare
Qazvin,IR,Tehran
Qena,ET,Qena
Qianjiang,TJ,Sichuan
Qingdao,TJ,Shandong
Qinhuangdao,TJ,Hebei
Qinzhou,TJ,"Guangxi Zhuangzu"
Qiqihar,TJ,Heilongjiang
Qitaihe,TJ,Heilongjiang
Qom,IR,Tehran
Qostanay,KAZ,Qostanay
Quanzhou,TJ,Fujian
Quebec,CDN,Quebec
Queimados,BR,"Rio de Janeiro"
Quelimane,MOC,Zambezia
Queretaro,MEX,Queretaro
Quetta,PK,Pakistan
Quezon,RP,Philippines
"Qui Nhon",VN,Vietnam
Quibdo,CO,Choco
Quilmes,RA,"Buenos Aires"
Quito,EC,Ecuador
Qujing,TJ,Yunnan
Quqon,UZB,Farghona
Qurghonteppa,TAD,Khatlon
Quzhou,TJ,Hebei
Qyzylorda,KAZ,Qyzylorda
Rabat,MA,Morocco
Radom,PL,Radomskie
"Rahim Yar Khan",PK,Pakistan
Raipur,IND,"Madhya Pradesh"
Rajahmundry,IND,"Andhra Pradesh"
Rajkot,IND,Gujarat
Rajshahi,BD,Bangladesh
Raleigh,USA,"North Carolina"
Ramla,IL,Central
Ranchi,IND,Bihar
"Rancho Cucamonga",USA,California
Randers,DK,Denmark
Rangoon,MYA,Yangon
Rangpur,BD,Bangladesh
Rasht,IR,Gilan
Ravenna,I,"Emilia Romagna"
Rawalpindi,PK,Pakistan
Rawson,RA,Chubut
Rayyan,Q,Qatar
Reading,GB,Berkshire
Recife,BR,Pernambuco
Recklinghausen,D,"Nordrhein Westfalen"
Regensburg,D,Bayern
"Reggio di Calabria",I,Calabria
"Reggio nellEmilia",I,"Emilia Romagna"
Regina,CDN,Saskatchewan
Reigate,GB,Surrey
Reims,F,"Champagne Ardenne"
Remscheid,D,"Nordrhein Westfalen"
Renfrew,GB,Strathclyde
Rennes,F,Bretagne
Reno,USA,Nevada
Renqiu,TJ,Hebei
Resistencia,RA,Chaco
Resita,RO,"Caras Severin"
Reutlingen,D,"Baden W³rttemberg"
Reykjavik,IS,Iceland
Reynosa,MEX,Tamaulipas
Rhondda,GB,"Rhondda Cynon Taff"
"Rhymney Valley",GB,"Vale of Glamorgan"
"Ribeirao Pires",BR,"Sao Paulo"
"Ribeirao Preto",BR,"Sao Paulo"
Richmond,CDN,Quebec
Richmond,USA,Virginia
Riga,LV,Latvia
Rimini,I,"Emilia Romagna"
"Rimnicu Vilcea",RO,Vilcea
"Rio Branco",BR,Acre
"Rio Claro",BR,"Sao Paulo"
"Rio Cuarto",RA,Cordoba
"Rio de Janeiro",BR,"Rio de Janeiro"
"Rio Gallegos",RA,"Santa Cruz"
"Rio Grande",BR,"Rio Grande do Sul"
"Rio Verde",BR,Goias
Riohacha,CO,"La Guajira"
Riverside,USA,California
Rivne,UA,Rivnenska
Riyadh,SA,"Saudi Arabia"
Rize,TR,Rize
Rizhao,TJ,Shandong
Roatan,HCA,"Islas de la Bahia"
Rochdale,GB,"Greater Manchester"
Rochester,USA,"New York"
"Rochester upon Medway",GB,Kent
Rockford,USA,Illinois
Rome,I,Lazio
Rondonopolis,BR,"Mato Grosso"
Roodepoort,RSA,"South Africa"
Rosario,RA,"Santa Fe"
Roseau,WD,Dominica
Rostock,D,"Mecklenburg Vorpommern"
"Rostov na Donu",R,"Rostovskaya oblast"
"Rostov no Donu",R,"Rostovskaya oblast"
Rotherham,GB,"South Yorkshire"
Rotterdam,NL,"Zuid Holland"
Rouen,F,"Haute Normandie"
Rovaniemi,SF,Lappia
Rubtsovsk,R,"Altayskiy kray"
"Ruda Slaska",PL,Katowickie
Rudny,KAZ,Qostanay
Ruian,TJ,Zhejiang
Ruthin,GB,Denbighshire
Ryazan,R,"Ryazanskaya oblast"
Rybinsk,R,"Yaroslavskaya oblast"
Rybnik,PL,Katowickie
Rzeszow,PL,Rzeszowskie
"s Gravenhage",NL,"Zuid Holland"
"s Hertogenbosch",NL,"Noord Brabant"
Saarbrucken,D,Saarland
Saarbruecken,D,Saarland
Sabadell,E,Catalonia
Sabara,BR,"Minas Gerais"
Sabzevar,IR,Khorasan
Sacramento,USA,California
Safi,MA,Morocco
Saga,J,Saga
Sagaing,MYA,Sagaing
Saharanpur,IND,"Uttar Pradesh"
Sahiwal,PK,Pakistan
Saidpur,BD,Bangladesh
Saigon,VN,Vietnam
"Saint Albans",GB,Hertfordshire
"Saint Catharines",CDN,Ontario
"Saint Etienne",F,"Rhone Alpes"
"Saint Georges",WG,Grenada
"Saint Helens",GB,Merseyside
"Saint Johns",AG,"Antigua and Barbuda"
"Saint Johns",CDN,Newfoundland
"Saint Louis",SN,"Saint Louis"
Sakarya,TR,Sakarya
Salamanca,E,"Castile and Leon"
Salamanca,MEX,Guanajuato
Salavat,R,"Rep. of Bashkortostan"
Salem,IND,"Tamil Nadu"
Salem,USA,Oregon
Salerno,I,Campania
Salford,GB,"Greater Manchester"
Salgotarjan,H,Nograd
Salinas,USA,California
Salisbury,GB,Wiltshire
"Salt Lake City",USA,Utah
Salta,RA,Salta
Saltillo,MEX,Coahuila
Salvador,BR,Bahia
Salzburg,A,Salzburg
Salzgitter,D,Niedersachsen
Samara,R,"Samarskaya oblast"
Samarinda,RI,Indonesia
Samarqand,UZB,Samarqand
Samarra,IRQ,"Salah ad Din"
Samsun,TR,Samsun
"San Andres",CO,"San Andres y Providencia"
"San Antonio",USA,Texas
"San Bernardino",USA,California
"San Carlos",YV,Cojedes
"San Cristobal",YV,Tachira
"San Diego",USA,California
"San Felipe",YV,Yaracuy
"San Fernando",RA,Catamarca
"San Fernando",YV,Apure
"San Fernando del Valle de Catamarca",RA,Catamarca
"San Francisco",USA,California
"San Francisco Gotera",ES,"El Salvador"
"San Isidro",RA,"Buenos Aires"
"San Jose",CR,"San Jose"
"San Jose",USA,California
"San Jose del Guaviare",CO,Guaviare
"San Juan",RA,"San Juan"
"San Juan",YV,Guarico
"San Luis",RA,"San Luis"
"San Luis Potosi",MEX,"San Luis Potosi"
"San Marino",RSM,"San Marino"
"San Miguel",ES,"El Salvador"
"San Miguel de Tucuman",RA,Tucuman
"San Miguelito",PA,Panama
"San Nicolas de los Arroyos",RA,"Buenos Aires"
"San Nicolas de los Garza",MEX,"Nuevo Leon"
"San Pedro Sula",HCA,Cortes
"San Salvador",ES,"El Salvador"
"San Salvador de Jujuy",RA,Jujuy
"San Vicente",ES,"El Salvador"
Sanaa,YE,Yemen
Sanandaj,IR,Kordestan
Sanchuung,RC,Taiwan
"Sancti Spiritus",C,"Sancti Spiritus"
Sandakan,MAL,Sabah
Sandton,RSA,"South Africa"
"Sankt Gallen",CH,SG
"Sankt Peterburg",R,"Sankt Peterburg"
Sanmenxia,TJ,Henan
Sanming,TJ,Fujian
"Santa Ana",ES,"El Salvador"
"Santa Ana",USA,California
"Santa Barbara",HCA,"Santa Barbara"
"Santa Clara",C,"Villa Clara"
"Santa Clarita",USA,California
"Santa Coloma de Gramanet",E,Catalonia
"Santa Cruz de Tenerife",E,"Canary Islands"
"Santa Cruz do Sul",BR,"Rio Grande do Sul"
"Santa Fe",RA,"Santa Fe"
"Santa Fe",USA,"New Mexico"
"Santa Luzia",BR,Paraiba
"Santa Maria",BR,"Rio Grande do Sul"
"Santa Marta",CO,Magdalena
"Santa Rita",BR,Paraiba
"Santa Rosa",RA,"La Pampa"
"Santa Rosa",USA,California
"Santa Rosa de Copan",HCA,Copan
Santander,E,Cantabria
Santarem,BR,Para
Santiago,PA,Veraguas
Santiago,RCH,Chile
"Santiago de Compostella",E,Galicia
"Santiago de Cuba",C,"Santiago de Cuba"
"Santiago del Estero",RA,"Santiago de Estero"
"Santiago del Estero La Banda",RA,"Santiago de Estero"
"Santo Andre",BR,"Sao Paulo"
"Santo Domingo",DOM,"Dominican Republic"
Santos,BR,"Sao Paulo"
Sanya,TJ,Hainan
"Sao Bernardo do Campo",BR,"Sao Paulo"
"Sao Caetano do Sul",BR,"Sao Paulo"
"Sao Carlos",BR,"Sao Paulo"
"Sao Goncalo",BR,"Rio de Janeiro"
"Sao Joao de Meriti",BR,"Rio de Janeiro"
"Sao Jose",BR,"Santa Catarina"
"Sao Jose do Rio Preto",BR,"Sao Paulo"
"Sao Jose dos Campos",BR,"Sao Paulo"
"Sao Leopoldo",BR,"Rio Grande do Sul"
"Sao Luis",BR,Maranhao
"Sao Paulo",BR,"Sao Paulo"
"Sao Tome",STP,"Sao Tome and Principe"
"Sao Vicente",BR,"Sao Paulo"
Sapele,WAN,Nigeria
Sapporo,J,Hokkaido
Saraburi,THA,Thailand
Sarajevo,BIH,"Bosnia and Herzegovina"
Saransk,R,"Rep. of Mordovia"
Sarapul,R,"Udmurt Republic"
Saratov,R,"Saratovskaya oblast"
Sargodha,PK,Pakistan
Sari,IR,Mazandaran
Sarnen,CH,OW
Saskatoon,CDN,Saskatchewan
Sassari,I,Sardegna
"Satu Mare",RO,"Satu Mare"
Saurimo,ANG,"Lunda Sul"
Savannah,USA,Georgia
Savar,BD,Bangladesh
Scarborough,CDN,Ontario
Scarborough,GB,"North Yorkshire"
Schaffhausen,CH,SH
Schwerin,D,"Mecklenburg Vorpommern"
Schwyz,CH,SZ
Scottsdale,USA,Arizona
Seattle,USA,Washington
Sefton,GB,Merseyside
Sekondi,GH,Ghana
Semarang,RI,Indonesia
Semey,KAZ,Semey
Semnan,IR,Semnan
Sendai,J,Miyagi
Sensuntepeque,ES,"El Salvador"
Seoul,ROK,"South Korea"
Seremban,MAL,"Negeri Sembilan"
Serov,R,"Sverdlovskaya oblast"
Serpukhov,R,"Moskovskaya oblast"
Serra,BR,"Espirito Santo"
"Sete Lagoas",BR,"Minas Gerais"
Setif,DZ,Algeria
Setubal,P,Setubal
Sevastopol,UA,Krym
Sevenoaks,GB,Kent
Severodvinsk,R,"Arkhangelskaya oblast"
Sevilla,E,Andalusia
"Sfintu Gheorghe",RO,Covasha
Shagamu,WAN,Nigeria
"Shah Alam",MAL,Selangor
"Shahr e Kord",IR,"Chahar Mahal e Bakhtiari"
Shakhty,R,"Rostovskaya oblast"
Shaki,WAN,Nigeria
Shanghai,TJ,"Shanghai (munic.)"
Shangqiu,TJ,Henan
Shangrao,TJ,Jiangxi
Shangzhi,TJ,Heilongjiang
Shantou,TJ,Guangdong
Shanwei,TJ,Guangdong
Shaoguan,TJ,Guangdong
Shaoxing,TJ,Zhejiang
Shaoyang,TJ,Hunan
Sharjah,UAE,"United Arab Emirates"
Shashi,TJ,Hubei
Shchyolkovo,R,"Moskovskaya oblast"
Sheffield,GB,"South Yorkshire"
Sheikhupura,PK,Pakistan
Shenyang,TJ,Liaoning
Shenzhen,TJ,Guangdong
"Shibin el Kom",ET,"El Minufiya"
Shihezi,TJ,"Xinjiang Uygur"
Shijiazhuang,TJ,Hebei
Shillong,IND,Meghalaya
Shinyanga,EAT,Shinyanga
Shiraz,IR,Fars
Shishou,TJ,Hubei
Shiyan,TJ,Hubei
Shizuishan,TJ,"Ningxia Huizu"
Shizuoka,J,Shizuoka
Shkoder,AL,Albania
Sholapur,IND,Maharashtra
Shomolu,WAN,Nigeria
Shreveport,USA,Louisiana
Shrewsbury,GB,Shropshire
Shuangcheng,TJ,Heilongjiang
Shuangyashan,TJ,Heilongjiang
"Shubra el Kheima",ET,"El Qalubiya"
Shymkent,KAZ,"Ongtustik Qazaqstan"
Sialkot,PK,Pakistan
Sibiu,RO,Sibiu
Sibu,MAL,Sarawak
"Sidi bel Abbes",DZ,Algeria
Siedlce,PL,Siedleckie
Siegen,D,"Nordrhein Westfalen"
Sieradz,PL,Sieradzkie
Siguatepeque,HCA,"Francisco Morazan"
Siirt,TR,Siirt
Silvassa,IND,"Dadra and Nagar Haveli"
Simbirsk,R,"Ulyanovskaya oblast"
Simferopol,UA,Krym
"Simi Valley",USA,California
Simla,IND,"Himachal Pradesh"
Sincelejo,CO,Sucre
Singapore,SGP,Singapore
Singida,EAT,Singida
Sinop,TR,Sinop
Sinpo,NOK,"North Korea"
Sinuiju,NOK,"North Korea"
Sion,CH,VS
"Sioux Falls",USA,"South Dakota"
Siping,TJ,Jilin
Siracusa,I,Sicilia
Sirajganj,BD,Bangladesh
Sirjan,IR,Kerman
Sirnak,TR,Sirnak
Sivas,TR,Sivas
Skien,N,Telemark
Skierniewice,PL,Skierniewickie
Skikda,DZ,Algeria
Skopje,MK,Macedonia
Slatina,RO,Olt
Slobozia,RO,Ialomita
Slough,GB,Berkshire
Slupsk,PL,Slupskie
Smolensk,R,"Smolenskaya oblast"
Soacha,CO,Cundinamarca
Sobral,BR,Ceara
Sochi,R,"Krasnodarsky kray"
Sofia,BG,Bulgaria
Sohag,ET,Sohag
Sokoto,WAN,Nigeria
Soledad,CO,Atlantico
Solihull,GB,"West Midlands"
Solikamsk,R,"Permskaya oblast"
Solingen,D,"Nordrhein Westfalen"
Solothurn,CH,SO
Solwezi,Z,Northwestern
Songea,EAT,Ruvuma
Songjin,NOK,"North Korea"
Songkhla,THA,Thailand
Songnam,ROK,"South Korea"
Sonsonate,ES,"El Salvador"
Sorocaba,BR,"Sao Paulo"
Soshanguve,RSA,"South Africa"
Sosnowiec,PL,Katowickie
"South Bend",USA,Indiana
Southampton,GB,Hampshire
"Southend on Sea",GB,Essex
Soweto,RSA,"South Africa"
Soyapango,ES,"El Salvador"
Spokane,USA,Washington
Springfield,USA,Illinois
Springfield,USA,Massachusetts
Springfield,USA,Missouri
Srinagar,IND,"Jammu and Kashmir"
"St. Louis",USA,Missouri
"St. Paul",USA,Minnesota
"St. Petersburg",USA,Florida
"St. Polten",A,"Lower Austria"
"Sta. Isabel",GQ,"Equatorial Guinea"
Stafford,GB,Staffordshire
Stamford,USA,Connecticut
Stans,CH,NW
"Stary Oskol",R,"Belgorodskaya oblast"
Stavanger,N,Rogaland
Stavropol,R,"Stavropolsky kray"
Steinkjer,N,"Nord Trondelag"
"Sterling Heights",USA,Michigan
Sterlitamak,R,"Rep. of Bashkortostan"
Stirling,GB,Central
Stockholm,S,Stockholm
Stockport,GB,"Greater Manchester"
Stockton,USA,California
"Stockton on Tees",GB,Cleveland
"Stoke on Trent",GB,Staffordshire
Strasbourg,F,Alsace
"Stratford on Avon",GB,Warwickshire
Stroud,GB,Gloucestershire
Stuttgart,D,"Baden W³rttemberg"
Suceava,RO,Suceava
Sucre,BOL,Bolivia
Suez,ET,"El Suweiz (munic.)"
Suihua,TJ,Heilongjiang
Sukabumi,RI,Indonesia
Sukkur,PK,Pakistan
Sullana,PE,Piura
Sumbawanga,EAT,Rukwa
Sumbe,ANG,"Cuanza Sul"
Sumy,UA,Sumska
Sunchon,NOK,"North Korea"
Sunderland,GB,"Tyne and Wear"
Sunnyvale,USA,California
"Sunshine Coast",AUS,"New South Wales"
Suqian,TJ,Jiangsu
Surabaya,RI,Indonesia
Surakarta,RI,Indonesia
Surat,IND,Gujarat
Surgut,R,"Tyumenskaya oblast"
"Sutton in Ashfield",GB,Derbyshire
Suva,FJI,Fiji
Suwalki,PL,Suwalskie
Suwon,ROK,"South Korea"
Suzano,BR,"Sao Paulo"
Suzhou,TJ,Anhui
Suzhou,TJ,Jiangsu
Svolvaer,N,Nordland
Swale,GB,Kent
Swansea,GB,Swansea
Sydney,AUS,"New South Wales"
Syktyvkar,R,"Rep. of Komi"
Sylhet,BD,Bangladesh
Syracuse,USA,"New York"
Syzran,R,"Samarskaya oblast"
Szczecin,PL,Szczecinskie
Szeged,H,"Szeged (munic.)"
Szekesfehervar,H,Fejer
Szekszard,H,Tolna
Szolnok,H,Szolnok
Szombathely,H,Vas
"Taboao da Serra",BR,"Sao Paulo"
Tabora,EAT,Tabora
Tabriz,IR,"Azarbayian e Sharqi"
Tacna,PE,Tacna
Tacoma,USA,Washington
Taegu,ROK,"South Korea"
Taejon,ROK,"South Korea"
Taganrog,R,"Rostovskaya oblast"
Taian,TJ,Shandong
Taichung,RC,Taiwan
Tainan,RC,Taiwan
Taipei,RC,Taiwan
Taiping,MAL,Perak
Taitung,RC,Taiwan
Taiyuan,TJ,Shanxi
Taizhou,TJ,Jiangsu
Takamatsu,J,Kagawa
Takoradi,GH,Ghana
Talara,PE,Piura
Taldyqorghan,KAZ,Taldyqorghan
Tallahassee,USA,Florida
Tallinn,EW,Estonia
Tamale,GH,Ghana
Tamatave,RM,Toamasina
Tambacounda,SN,Tambacounda
Tambov,R,"Tambovskaya oblast"
Tameside,GB,"Greater Manchester"
Tampa,USA,Florida
Tampere,SF,Haeme
Tampico,MEX,Tamaulipas
Tanchon,NOK,"North Korea"
Tanga,EAT,Tanga
Tangail,BD,Bangladesh
Tanger,MA,Morocco
Tangshan,TJ,Hebei
"Tanjung Balai",RI,Indonesia
Tanta,ET,"El Gharbiya"
Taoyuan,RC,Taiwan
Tapachula,MEX,Chiapas
Taranto,I,Puglia
Tarawa,KIR,Kiribati
Tarnobrzeg,PL,Tarnobrzeskie
Tarnow,PL,Tarnowskie
Tarragona,E,Catalonia
Tarsus,TR,Icel
Tashauz,TM,Dashhowuz
Tashkent,UZB,Toshkent
Tatabanya,H,"Komarom Esztergom"
Taubate,BR,"Sao Paulo"
Taunggyi,MYA,Shan
Taunton,GB,Somerset
Tavoy,MYA,Tanintharyi
Tawai,MAL,Sabah
Tbilisi,GE,Georgia
Tebessa,DZ,Algeria
"Tebing Tinggi",RI,Indonesia
Tegal,RI,Indonesia
Tegucigalpa,HCA,"Francisco Morazan"
Tehran,IR,Tehran
Tehuacan,MEX,Puebla
Tekirdag,TR,Tekirdag
"Tel Aviv",IL,"Tel Aviv"
Tela,HCA,Atlantida
Tema,GH,Ghana
Tembisa,RSA,"South Africa"
Temirtau,KAZ,Qaraghandy
Tempe,USA,Arizona
Tengxian,TJ,Shandong
"Teofilo Otoni",BR,"Minas Gerais"
Tepic,MEX,Nayarit
Teresina,BR,Piaui
Teresopolis,BR,"Rio de Janeiro"
Termiz,UZB,Surkhondare
Terni,I,Umbria
Ternopil,UA,Ternopilska
Terrassa,E,Catalonia
Tete,MOC,Tete
Tetouan,MA,Morocco
"Thai Nguyen",VN,Vietnam
Thane,IND,Maharashtra
Thessaloniki,GR,Greece
Thies,SN,Thies
Thika,EAK,Central
Thimphu,BHT,Bhutan
"Thousand Oaks",USA,California
"Thunder Bay",CDN,Ontario
Tianjin,TJ,"Tianjin (munic.)"
Tianmen,TJ,Hubei
Tianshui,TJ,Gansu
Tieling,TJ,Liaoning
Tijuana,MEX,"Baja California"
Tilburg,NL,"Noord Brabant"
Timisoara,RO,Timis
Timon,BR,Maranhao
Tirane,AL,Albania
Tirgoviste,RO,Dimbovita
"Tirgu Jiu",RO,Gorj
"Tirgu Mures",RO,Mures
Tiruchchirappalli,IND,"Tamil Nadu"
Tlaquepaque,MEX,Jalisco
Tlaxcala,MEX,Tlaxcala
Tlemcen,DZ,Algeria
Toensberg,N,Vestfold
Tokat,TR,Tokat
Tokchon,NOK,"North Korea"
Tokushima,J,Tokushima
Tokyo,J,Tokyo
Toledo,E,"Castile La Mancha"
Toledo,USA,Ohio
Toliary,RM,Toliary
Toluca,MEX,"Estado de Mexico"
"Toluca de Lerdo",MEX,"Estado de Mexico"
Tolyatti,R,"Samarskaya oblast"
Tomsk,R,"Tomskaya oblast"
Tonala,MEX,Chiapas
Tonbridge,GB,Kent
Tongchuan,TJ,Shaanxi
Tonghua,TJ,Jilin
Tongi,BD,Bangladesh
Tongliao,TJ,"Nei Monggol"
Tongling,TJ,Anhui
Topeka,USA,Kansas
Toronto,CDN,Ontario
Torrance,USA,California
"Torre del Greco",I,Campania
Torreon,MEX,Coahuila
Torun,PL,Torunskie
Tottori,J,Tottori
Touliu,RC,Taiwan
Toulon,F,"Provence Cote dAzur"
Toulouse,F,"Midi Pyrenees"
Tours,F,Centre
Townsville,AUS,Queensland
Toyama,J,Toyama
Trabzon,TR,Trabzon
Trafford,GB,"Greater Manchester"
Trento,I,"Trentino Alto Adige"
Trenton,USA,"New Jersey"
Trieste,I,"Friuli Venezia Giulia"
Tripoli,LAR,Libya
Trivandrum,IND,Kerala
Tromsoe,N,Troms
Trondheim,N,"Soer Trondelag"
Trowbridge,GB,Wiltshire
Trujillo,HCA,Colon
Trujillo,PE,"La Libertad"
Trujillo,YV,Trujillo
Truro,GB,"Cornwall / Isles of Scilly"
Tshikapa,ZRE,"Kasai Occidental"
Tsu,J,Mie
Tucson,USA,Arizona
Tucupita,YV,"Delta Amacuro"
Tula,R,"Tulskaya oblast"
Tulcea,RO,Tulcea
Tulsa,USA,Oklahoma
Tulua,CO,"Valle de Cauca"
Tumaco,CO,Narino
Tumbes,PE,Tumbes
"Tunbridge Wells",GB,Kent
Tunceli,TR,Tunceli
Tunis,TN,Tunisia
Tunja,CO,Boyaca
Turbo,CO,Antioquia
Turin,I,Piemonte
Turku,SF,Turku-Pori
"Tuxtla Gutierrez",MEX,Chiapas
Tver,R,"Tverskaya oblast"
Tychy,PL,Katowickie
Tyumen,R,"Tyumenskaya oblast"
Uberaba,BR,"Minas Gerais"
Uberlandia,BR,"Minas Gerais"
"Ubon Ratchathani",THA,Thailand
Ufa,R,"Rep. of Bashkortostan"
Uige,ANG,Uige
Ujjain,IND,"Madhya Pradesh"
"Ujung Pandang",RI,Indonesia
Ukhta,R,"Rep. of Komi"
Ulaanbaatar,MNG,Mongolia
"Ulan Ude",R,"Rep. of Buryatiya"
Ulanhot,TJ,"Nei Monggol"
Ulhasnagar,IND,Maharashtra
Ulm,D,"Baden W³rttemberg"
Ulsan,ROK,"South Korea"
Umea,S,Vasterbotten
Uppsala,S,Uppsala
Urawa,J,Saitama
Urfa,TR,Sanliurfa
Urganch,UZB,Khorazm
Uruapan,MEX,Michoacan
Uruguaiana,BR,"Rio Grande do Sul"
Urumqi,TJ,"Xinjiang Uygur"
Usak,TR,Usak
Ushuaia,RA,"Tierra del Fuego"
"Usolye Sibirskoye",R,"Irkutskaya oblast"
Ussuriysk,R,"Primorsky kray"
"Ust Ilimsk",R,"Irkutskaya oblast"
"Usti nad Labem",CZ,Severocesky
Usulutan,ES,"El Salvador"
Utrecht,NL,Utrecht
Utsonomiya,J,Tochigi
Uvira,ZRE,Kivu
Uzhhorod,UA,Zakarpatska
Vaasa,SF,Vaasa
Vadodara,IND,Gujarat
Vadsoe,N,Finnmark
Vaduz,FL,Liechtenstein
Valencia,E,Valencia
Valencia,YV,Carabobo
Valladolid,E,"Castile and Leon"
Valledupar,CO,Cesar
Vallejo,USA,California
Valletta,M,Malta
Valparaiso,RCH,Chile
Van,TR,Van
Vancouver,CDN,"British Columbia"
Vanersborg,S,Alvsborg
Varanasi,IND,"Uttar Pradesh"
Varginha,BR,"Minas Gerais"
"Varzea Grande",BR,"Mato Grosso"
Vaslui,RO,Vaslui
Vasteras,S,Vastmanland
"Vatican City",V,"Holy See"
Vaughan,CDN,Ontario
Vaxjo,S,Kronoberg
"Velikiye Luki",R,"Pskovskaya oblast"
Velsen,NL,"Noord Holland"
Venice,I,Veneto
Verona,I,Veneto
Veszprem,H,Veszprem
Viamao,BR,"Rio Grande do Sul"
"Vicente Lopez",RA,"Buenos Aires"
Vicenza,I,Veneto
Victoria,CDN,"British Columbia"
Victoria,SY,Seychelles
"Victoria de Durango",MEX,Durango
"Victoria de las Tunas",C,"Las Tunas"
Viedma,RA,"Rio Negro"
Vienna,A,Vienna
Vientiane,LAO,Laos
"Viet Tri",VN,Vietnam
Vigo,E,Galicia
Vijayawada,IND,"Andhra Pradesh"
"Vila Nova de Gaia",P,Porto
"Vila Velha",BR,"Espirito Santo"
"Villa Nueva",GCA,Guatemala
Villahermosa,MEX,Tabasco
Villavicencio,CO,Meta
Villeurbanne,F,"Rhone Alpes"
Vilnius,LT,Lithuania
Vinnytsya,UA,Vinnytska
"Virginia Beach",USA,Virginia
Visby,S,Gotland
Vishakhapatnam,IND,"Andhra Pradesh"
Vitoria,BR,"Espirito Santo"
"Vitoria da Conquista",BR,Bahia
"Vitoria de Santo Antao",BR,Pernambuco
"Vitoria Gasteiz",E,"Basque Country"
Vladikavkaz,R,"Rep. of North Ossetiya"
Vladimir,R,"Vladimirskaya oblast"
Vladivostok,R,"Primorsky kray"
Vlore,AL,Albania
Volgodonsk,R,"Rostovskaya oblast"
Volgograd,R,"Volgogradskaya oblast"
Vologda,R,"Vologodskaya oblast"
Volos,GR,Greece
"Volta Redonda",BR,"Rio de Janeiro"
Volzhsky,R,"Volgogradskaya oblast"
Vorkuta,R,"Rep. of Komi"
Voronezh,R,"Voronezhskaya oblast"
Votkinsk,R,"Udmurt Republic"
"Vung Tau",VN,Vietnam
Waco,USA,Texas
"Wad Madani",SUD,"al Wusta"
Wafangdian,TJ,Liaoning
"Wah Cantonment",PK,Pakistan
Wakayama,J,Wakayama
Wakefield,GB,"West Yorkshire"
Wakrah,Q,Qatar
Walbrzych,PL,Walbrzyskie
Walsall,GB,"West Midlands"
Wanxian,TJ,Sichuan
Warangal,IND,"Andhra Pradesh"
Warren,USA,Michigan
Warrington,GB,Cheshire
Warsaw,PL,Warszwaskie
Warwick,GB,Warwickshire
Washington,USA,"Distr. Columbia"
Waterbury,USA,Connecticut
Waw,SUD,"Bahr al Ghazal"
Weifang,TJ,Shandong
Weihai,TJ,Shandong
Weinan,TJ,Shaanxi
Wellington,NZ,"New Zealand"
Wendeng,TJ,Shandong
Wenzhou,TJ,Zhejiang
"West Bromwich",GB,"West Midlands"
"West Covina",USA,California
Wete,EAT,"Kaskazini Pemba"
Whitehorse,CDN,"Yukon Territory"
Wichita,USA,Kansas
"Wichita Falls",USA,Texas
Wiesbaden,D,Hessen
Wigan,GB,"Greater Manchester"
Winchester,GB,Hampshire
Windhoek,NAM,Namibia
Windsor,CDN,Ontario
Windsor,GB,Berkshire
Winnipeg,CDN,Manitoba
"Winston Salem",USA,"North Carolina"
Winterthur,CH,ZH
Wiral,GB,Merseyside
Witten,D,"Nordrhein Westfalen"
Wloclawek,PL,Wloclawskie
"Wodzilaw Slaski",PL,Katowickie
Wokingham,GB,Berkshire
Wolfsburg,D,Niedersachsen
Wollongong,AUS,"New South Wales"
Wolverhampton,GB,"West Midlands"
Wonsan,NOK,"North Korea"
Worcester,GB,"Hereford and Worcester"
Worcester,USA,Massachusetts
Wrexham,GB,Wrexham
Wroclaw,PL,Wroclawskie
Wuhai,TJ,"Nei Monggol"
Wuhan,TJ,Hubei
Wuhu,TJ,Anhui
Wuppertal,D,"Nordrhein Westfalen"
Wurzburg,D,Bayern
Wuwei,TJ,Gansu
Wuxi,TJ,Jiangsu
Wuzhou,TJ,"Guangxi Zhuangzu"
Wycombe,GB,Buckinghamshire
"Xai Xai",MOC,Gaza
"Xalapa Enriquez",MEX,Veracruz
Xi,TJ,Shaanxi
Xiamen,TJ,Fujian
Xian,TJ,Shaanxi
Xiangfan,TJ,Hubei
Xiangtan,TJ,Hunan
Xianning,TJ,Hubei
Xianyang,TJ,Shaanxi
Xiaogan,TJ,Hubei
Xiaoshan,TJ,Zhejiang
Xichang,TJ,Sichuan
Xingcheng,TJ,Liaoning
Xinghua,TJ,Jiangsu
Xingtai,TJ,Hebei
Xining,TJ,Qinghai
Xintai,TJ,Shandong
Xinxiang,TJ,Henan
Xinyang,TJ,Henan
Xinyu,TJ,Jiangxi
Xuancheng,TJ,Anhui
Xuchang,TJ,Henan
Xuzhou,TJ,Jiangsu
Yakeshi,TJ,"Nei Monggol"
Yakutsk,R,"Rep. of Sakha"
Yamagata,J,Yamagata
Yamaguchi,J,Yamaguchi
Yamoussoukro,CI,"Cote dIvoire"
Yanan,TJ,Shaanxi
Yancheng,TJ,Jiangsu
Yangjiang,TJ,Guangdong
Yangquan,TJ,Shanxi
Yangzhou,TJ,Jiangsu
Yanji,TJ,Jilin
Yantai,TJ,Shandong
Yaounde,CAM,Centre
Yaren,NAU,Nauru
Yaroslavl,R,"Yaroslavskaya oblast"
Yasuj,IR,"Boyer Ahmad e Kohkiluyeh"
Yazd,IR,Yazd
Yekaterinburg,R,"Sverdlovskaya oblast"
Yelets,R,"Lipetskaya oblast"
Yellowknife,CDN,"Northwest Territories"
Yerevan,ARM,Armenia
Yibin,TJ,Sichuan
Yichang,TJ,Hubei
Yichun,TJ,Heilongjiang
Yichun,TJ,Jiangxi
Yinchuan,TJ,"Ningxia Huizu"
Yingkou,TJ,Liaoning
Yining,TJ,"Xinjiang Uygur"
Yixing,TJ,Jiangsu
Yiyang,TJ,Hunan
Yizheng,TJ,Jiangsu
Yogyakarta,RI,Indonesia
Yokohama,J,Kanagawa
Yongan,TJ,Fujian
Yonkers,USA,"New York"
Yopal,CO,Casanare
York,CDN,Ontario
York,GB,"North Yorkshire"
Yoro,HCA,Yoro
"Yoshkar Ola",R,"Rep. of Mariy El"
Yosu,ROK,"South Korea"
Yozgat,TR,Yozgat
"Ystrad Fawr",GB,Caerphilly
Yuanjiang,TJ,Hunan
Yuci,TJ,Shanxi
Yueyang,TJ,Hunan
Yumen,TJ,Gansu
Yungho,RC,Taiwan
Yuscaran,HCA,"El Paraiso"
Yushu,TJ,Qinghai
Yuyao,TJ,Zhejiang
"Yuzhno Sakhalinsk",R,"Sakhalinskaya oblast"
Zaanstreek,NL,"Noord Holland"
Zabrze,PL,Katowickie
Zacatecas,MEX,Zacatecas
Zacatecoluca,ES,"El Salvador"
Zagazig,ET,Sharqiya
Zagreb,HR,Croatia
Zahedan,IR,"Sistan e Baluchestan"
Zalaegerszeg,H,Zala
Zalau,RO,Salaj
Zamboanga,RP,Philippines
Zamora,MEX,Michoacan
Zamosc,PL,Zamojskie
Zanjan,IR,Zanjan
Zanzibar,EAT,"Mjini Magharibi"
Zaoyang,TJ,Hubei
Zaozhuang,TJ,Shandong
Zapopan,MEX,Jalisco
Zaporizhzhya,UA,Zaporizka
Zaragoza,E,Aragon
Zaria,WAN,Nigeria
Zelenodolysk,R,"Rep. of Tatarstan"
Zelenograd,R,"Moskovskaya oblast"
Zhambyl,KAZ,Zhambyl
Zhangjiakou,TJ,Hebei
Zhangzhou,TJ,Fujian
Zhanjiang,TJ,Guangdong
Zhaodong,TJ,Heilongjiang
Zhaoqing,TJ,Guangdong
Zhengzhou,TJ,Henan
Zhenjiang,TJ,Jiangsu
Zhezkazghan,KAZ,Zhezkazghan
Zhezqazghan,KAZ,Zhezkazghan
Zhongshan,TJ,Guangdong
Zhoukou,TJ,Henan
Zhoushan,TJ,Zhejiang
Zhucheng,TJ,Shandong
Zhuhai,TJ,Guangdong
Zhumadian,TJ,Henan
Zhuzhou,TJ,Hunan
Zhytomyr,UA,Zhytomyrska
Zibo,TJ,Shandong
"Zielona Gora",PL,Zielonogorskie
Zigong,TJ,Sichuan
Ziguinchor,SN,Ziguinchor
Zixing,TJ,Hunan
Zlatoust,R,"Chelyabinskaya oblast"
Zlin,CZ,Jihomoravsky
Zonguldak,TR,Zonguldak
Zug,CH,ZG
Zunyi,TJ,Guizhou
Zurich,CH,ZH
Zwickau,D,Sachsen
Zwolle,NL,Overijssel
